"","ID","Maize.yield.per.acre","Beans.yield.per.acre","Group"
"1","Bugarama-Butambamo-abadacogora B",600,86.1602122265535,"Fert.A"
"2","Bugarama-Butambamo-Abadasigana",1265.32076250612,100.186675213863,"Fert.B"
"3","Bugarama-Butambamo-Abadatana",500,83.568755590283,"Fert.A"
"4","Bugarama-Butambamo-Abahizi",494.273681717631,120.234024558886,"Fert.B"
"5","Bugarama-Butambamo-abahuje",800,89.6381685064116,"Fert.A"
"6","Bugarama-Butambamo-Abakoranabushake",529.21142464427,103.546219480359,"Fert.B"
"7","Bugarama-Butambamo-Abanyamugisha",400,118.227958719697,"Fert.A"
"8","Bugarama-Butambamo-abisunganye",1243.10459287099,86.7451453541584,"Fert.B"
"9","Bugarama-Butambamo-abunzubumwe",800,90.4992801235687,"Fert.A"
"10","Bugarama-Butambamo-Dufatanye",625.900811532926,134.336391091532,"Fert.B"
"11","Bugarama-Butambamo-Duharanirubumwe",400,121.212652327845,"Fert.A"
"12","Bugarama-Butambamo-Dukorumurimo",617.488122334201,110.520655529864,"Fert.B"
"13","Bugarama-Butambamo-Dukundumurimo",1200,71.4652879978658,"Fert.A"
"14","Bugarama-Butambamo-Ejoheza",1371.15263157229,118.46581152173,"Fert.B"
"15","Bugarama-Butambamo-Haguruka A",900,131.485685095306,"Fert.A"
"16","Bugarama-Butambamo-Haranira",1109.82954871764,94.3841693974246,"Fert.B"
"17","Bugarama-Butambamo-Haranirubumwe",800,77.1794626577775,"Fert.A"
"18","Bugarama-Butambamo-Icyerekezo",539.777838832387,67.3220397065553,"Fert.B"
"19","Bugarama-Butambamo-indatwa",900,108.367665017403,"Fert.A"
"20","Bugarama-Butambamo-Jyambere",364.030172265013,100.139951300271,"Fert.B"
"21","Bugarama-Butambamo-Kangukadukore",700,111.823854630805,"Fert.A"
"22","Bugarama-Butambamo-komera",206.863522456063,73.5481576043106,"Fert.B"
"23","Bugarama-Butambamo-koranumwete",700,82.8236939838421,"Fert.A"
"24","Bugarama-Butambamo-ntusigarinyuma",1191.9415445171,123.628171498049,"Fert.B"
"25","Bugarama-Butambamo-tuzamurane",700,70.9707341575538,"Fert.A"
"26","Bugarama-Butambamo-twesumuhigo",1034.86932439073,87.9052953170469,"Fert.B"
"27","Bugarama-Butambamo-Twigire",800,86.2095551274783,"Fert.A"
"28","Bugarama-Butambamo-Twihazemubiribwa",828.944527359669,104.350434827337,"Fert.B"
"29","Bugarama-Butambamo-twivugurure",900,81.6380393333964,"Fert.A"
"30","Bugarama-Butambamo-Twongerumusaruro",1368.78742011163,71.9871640365684,"Fert.B"
"31","Bugarama-Butambamo-twungubumwe",900,128.442932289556,"Fert.A"
"32","Bugarama-Butambamo-Ubumwe",895.081875567663,84.4031122707072,"Fert.B"
"33","Bugarama-Butambamo-ukuli",900,114.344131646504,"Fert.A"
"34","Bugarama-Butambamo-Ukuri B",720.012532549696,113.585698049662,"Fert.B"
"35","Bugarama-Butambamo-Umucyo",600,94.559772156196,"Fert.A"
"36","Bugarama-Butambamo-Umutuza",604.255831783896,124.396218245869,"Fert.B"
"37","Bugarama-Butambamo-umwete",1100,105.322733075169,"Fert.A"
"38","Bugarama-Butambamo-Urumuri",966.733051656939,90.5371993955464,"Fert.B"
"39","Bugarama-Butambamo-zamukamuhinzi",500,105.485471619349,"Fert.A"
"40","Bugarama-Butanda A-Abadacogora",550.612214885519,90.8782582634842,"Fert.B"
"41","Bugarama-Butanda A-Abadahinduka",700,77.6523234051457,"Fert.A"
"42","Bugarama-Butanda A-Abadahinyukamwiterambere",544.675926481979,95.4861378512516,"Fert.B"
"43","Bugarama-Butanda A-Abadatana",600,82.9866845026441,"Fert.A"
"44","Bugarama-Butanda A-Abakorerahamwe",888.881969250877,88.3889545135805,"Fert.B"
"45","Bugarama-Butanda A-Abakundumurimo",400,137.957138571831,"Fert.A"
"46","Bugarama-Butanda A-Abashakibyiza",950.033706333563,95.7008667533163,"Fert.B"
"47","Bugarama-Butanda A-abesamihigo",500,99.9832852240141,"Fert.A"
"48","Bugarama-Butanda A-ABUNZUBUMWE",354.549337779828,57.3992591150801,"Fert.B"
"49","Bugarama-Butanda A-Duhingeneza",700,71.6344594523591,"Fert.A"
"50","Bugarama-Butanda A-Dukoreneza",1128.06422493027,82.2196849950864,"Fert.B"
"51","Bugarama-Butanda A-Duteraninkunga",500,103.705979744974,"Fert.A"
"52","Bugarama-Butanda A-Duterimbere",760.955945689387,130.004711949624,"Fert.B"
"53","Bugarama-Butanda A-Dutuburumusaruro",600,93.7141156045194,"Fert.A"
"54","Bugarama-Butanda A-Haguruka",1072.81681283118,71.6711182359028,"Fert.B"
"55","Bugarama-Butanda A-Hinganeza",400,95.9542297843524,"Fert.A"
"56","Bugarama-Butanda A-icyerekezo",1464.47975603546,91.8684807434148,"Fert.B"
"57","Bugarama-Butanda A-Korandebe",700,126.098191623299,"Fert.A"
"58","Bugarama-Butanda A-Koraneza",894.895084728844,114.462226801058,"Fert.B"
"59","Bugarama-Butanda A-Shirukanya",200,110.300216874386,"Fert.A"
"60","Bugarama-Butanda A-Terimberemuhinzi",564.386585143338,85.34478628261,"Fert.B"
"61","Bugarama-Butanda A-Turwanyinzara B",800,77.9366806755539,"Fert.A"
"62","Bugarama-Butanda A-Twihazemuribwa",713.987752837167,89.5279446633786,"Fert.B"
"63","Bugarama-Butanda A-Twizerane",500,95.7570973753267,"Fert.A"
"64","Bugarama-Butanda A-Twubakane",885.798132194463,141.36898358283,"Fert.B"
"65","Bugarama-Butanda A-Twungubumwe",300,104.186233450513,"Fert.A"
"66","Bugarama-Butanda A-urumuri",667.044683619801,107.553149779515,"Fert.B"
"67","Bugarama-Butanda A-Zamuka",600,76.85978897137,"Fert.A"
"68","Bugarama-Butanda A-Zinduka",538.149185239536,113.341653363981,"Fert.B"
"69","Bugarama-Butanda B-Abadahinyukamwiterambere B",1100,155.820366186982,"Fert.A"
"70","Bugarama-Butanda B-Abajyamugambi",882.082048544357,93.4351118673631,"Fert.B"
"71","Bugarama-Butanda B-Abarihamwe",1200,101.393119512394,"Fert.A"
"72","Bugarama-Butanda B-Abishyizehamwe",829.189220829555,106.095524305499,"Fert.B"
"73","Bugarama-Butanda B-Badukamuhinzi",700,95.43131580333,"Fert.A"
"74","Bugarama-Butanda B-Baho",776.00309721745,69.2069233101553,"Fert.B"
"75","Bugarama-Butanda B-Dufatanye",900,109.662554440654,"Fert.A"
"76","Bugarama-Butanda B-Duhinge",599.814241467448,97.3768259062196,"Fert.B"
"77","Bugarama-Butanda B-Dukorerehamwe",800,98.4855416857792,"Fert.A"
"78","Bugarama-Butanda B-Dushyirehamwe",328.073853991049,114.678294079276,"Fert.B"
"79","Bugarama-Butanda B-Hagurukadukore",700,109.553050685784,"Fert.A"
"80","Bugarama-Butanda B-Jyamberemuhinzi",411.384661974021,80.3156266236826,"Fert.B"
"81","Bugarama-Butanda B-Jyamberemuhinzi B",800,84.1374935068732,"Fert.A"
"82","Bugarama-Butanda B-Jyananigihe",564.571175645251,127.529165732632,"Fert.B"
"83","Bugarama-Butanda B-kundumurimo",1200,133.138737838991,"Fert.A"
"84","Bugarama-Butanda B-Terimbere",782.909337953436,126.488751052741,"Fert.B"
"85","Bugarama-Butanda B-Tugehamwe",700,78.7458095317213,"Fert.A"
"86","Bugarama-Butanda B-Tugirumurimo",659.840229729133,96.5666449770366,"Fert.B"
"87","Bugarama-Butanda B-Tugwizumusaruro",1100,100.68663103106,"Fert.A"
"88","Bugarama-Butanda B-Turwanyinzara",871.57528214041,100.429368484572,"Fert.B"
"89","Bugarama-Butanda B-Tuvugururubuhinzi",1200,78.9407565730607,"Fert.A"
"90","Bugarama-Butanda B-Tuzamurane",478.293164978526,91.1232111993459,"Fert.B"
"91","Bugarama-Butanda B-Tuzamurane B",500,136.547873957597,"Fert.A"
"92","Bugarama-Butanda B-Twongerumusaruro",1068.02465021699,76.499252970206,"Fert.B"
"93","Bugarama-Butanda B-Wisigara",400,107.699257554267,"Fert.A"
"94","Bugarama-Cyarukara A-Abadacogora",625.008001498987,109.80872721752,"Fert.B"
"95","Bugarama-Cyarukara A-Abadahemuka",900,94.0719457407659,"Fert.A"
"96","Bugarama-Cyarukara A-Abadahemuka B",279.431662249942,73.3778873171364,"Fert.B"
"97","Bugarama-Cyarukara A-Abadahemukirana",400,108.582019896027,"Fert.A"
"98","Bugarama-Cyarukara A-Abakorera bushake",1026.94860781553,129.16266047799,"Fert.B"
"99","Bugarama-Cyarukara A-abesamihigo A",600,74.4982711992755,"Fert.A"
"100","Bugarama-Cyarukara A-Abesamihigo B",584.479112308348,102.168893294207,"Fert.B"
"101","Bugarama-Cyarukara A-Abesamihigo c",800,84.4039503796817,"Fert.A"
"102","Bugarama-Cyarukara A-Abishyizehamwe B",701.927602105602,114.714063148711,"Fert.B"
"103","Bugarama-Cyarukara A-Abunzubumwe",700,115.293906765772,"Fert.A"
"104","Bugarama-Cyarukara A-Amahoro",800.782353673807,130.286503990806,"Fert.B"
"105","Bugarama-Cyarukara A-Byosekare",900,107.719088049213,"Fert.A"
"106","Bugarama-Cyarukara A-Byosekare  B",1549.29043736284,116.067895560444,"Fert.B"
"107","Bugarama-Cyarukara A-Dufatanye",800,121.371019583533,"Fert.A"
"108","Bugarama-Cyarukara A-Dufatanye B",346.964916336343,139.276502160863,"Fert.B"
"109","Bugarama-Cyarukara A-Dufatanye C",600,118.500457846801,"Fert.A"
"110","Bugarama-Cyarukara A-Dufatikanye",842.684533482538,125.989870163368,"Fert.B"
"111","Bugarama-Cyarukara A-Duhuzimbaraga",400,128.49638631623,"Fert.A"
"112","Bugarama-Cyarukara A-dukoranumwete",786.183294858638,108.038599754289,"Fert.B"
"113","Bugarama-Cyarukara A-Dukorerehamwe Twongere Umusaruro",700,92.3514620195402,"Fert.A"
"114","Bugarama-Cyarukara A-Ejoheza",1041.4902943447,110.885410805936,"Fert.B"
"115","Bugarama-Cyarukara A-Gukoranikare",600,125.391566360911,"Fert.A"
"116","Bugarama-Cyarukara A-Habimvugano",1145.71633581729,95.3080851723889,"Fert.B"
"117","Bugarama-Cyarukara A-Korandebe",500,102.666054853488,"Fert.A"
"118","Bugarama-Cyarukara A-Kundumurimo A",816.182120631555,76.781647774455,"Fert.B"
"119","Bugarama-Cyarukara A-Terimberemuhinzi  A",500,108.179571939737,"Fert.A"
"120","Bugarama-Cyarukara A-Tubehoneza",216.740788254915,142.255187828862,"Fert.B"
"121","Bugarama-Cyarukara A-Tugirirwe ikizere",500,51.9268628432546,"Fert.A"
"122","Bugarama-Cyarukara A-Turwanyubukene",1473.05949948342,107.774742047104,"Fert.B"
"123","Bugarama-Cyarukara A-turwubake",300,103.775622303293,"Fert.A"
"124","Bugarama-Cyarukara A-Tuzamurane",751.60001691103,70.7018070445506,"Fert.B"
"125","Bugarama-Cyarukara A-Twisungane",300,90.302510572706,"Fert.A"
"126","Bugarama-Cyarukara A-Twisungane B",1353.74621540825,100.696795250407,"Fert.B"
"127","Bugarama-Cyarukara A-Twitezimbere   A",600,75.9816189925435,"Fert.A"
"128","Bugarama-Cyarukara A-Twivanemubukene A",341.509866619194,89.4448829618092,"Fert.B"
"129","Bugarama-Cyarukara A-Twivanemubukene B",600,119.615080122834,"Fert.A"
"130","Bugarama-Cyarukara A-Twongerumusaruro",876.518298907059,92.4166606051284,"Fert.B"
"131","Bugarama-Cyarukara A-Twunganirane",700,108.05778501147,"Fert.A"
"132","Bugarama-Cyarukara A-Ubumwe",654.0420105646,102.626319368998,"Fert.B"
"133","Bugarama-Cyarukara B-Abadacogora",400,98.9215517338293,"Fert.A"
"134","Bugarama-Cyarukara B-Abadahemuka",622.525783462354,108.93715079968,"Fert.B"
"135","Bugarama-Cyarukara B-Abadahigwa",700,110.213001413138,"Fert.A"
"136","Bugarama-Cyarukara B-Abahuje",398.678474819829,89.6302183873609,"Fert.B"
"137","Bugarama-Cyarukara B-Abajyamugambi",500,95.6683095788026,"Fert.A"
"138","Bugarama-Cyarukara B-Abakoranumwete",710.631819955609,127.915084731538,"Fert.B"
"139","Bugarama-Cyarukara B-Abashishozi",400,106.456133750695,"Fert.A"
"140","Bugarama-Cyarukara B-Abatiganda",484.765878389384,107.975522722066,"Fert.B"
"141","Bugarama-Cyarukara B-Abesamihigo",500,138.93211466873,"Fert.A"
"142","Bugarama-Cyarukara B-Abishyizehamwe A",1092.71670907859,106.826396779054,"Fert.B"
"143","Bugarama-Cyarukara B-Abuzuzanya",500,128.887527310222,"Fert.A"
"144","Bugarama-Cyarukara B-Duhugurane",818.211198578727,84.3328946029737,"Fert.B"
"145","Bugarama-Cyarukara B-Duhuzimbaraga",1000,82.9031105316825,"Fert.A"
"146","Bugarama-Cyarukara B-Dukoreneza",713.445321142385,78.6605744002104,"Fert.B"
"147","Bugarama-Cyarukara B-Dukorerehamwe",400,94.6129330260142,"Fert.A"
"148","Bugarama-Cyarukara B-Duterimbere",326.80392421069,81.7402265516043,"Fert.B"
"149","Bugarama-Cyarukara B-Indatwamumihigo",800,87.0581684701655,"Fert.A"
"150","Bugarama-Cyarukara B-Kundumurimo A",572.659181155321,101.004617395609,"Fert.B"
"151","Bugarama-Cyarukara B-Terimberemuhinzi",400,92.4098552015705,"Fert.A"
"152","Bugarama-Cyarukara B-Tubehoneza",897.570557622286,93.2415111665231,"Fert.B"
"153","Bugarama-Cyarukara B-Tuzamurane",700,120.742411399217,"Fert.A"
"154","Bugarama-Cyarukara B-Twibumbirehamwe",235.058383381199,93.8568352490921,"Fert.B"
"155","Bugarama-Cyarukara B-Twibumbirehamwe B",1000,78.7298610192568,"Fert.A"
"156","Bugarama-Cyarukara B-Twitekubuhinzi  C",770.526517057242,72.4818298638835,"Fert.B"
"157","Bugarama-Cyarukara B-Twitekubuhinzi A",500,104.773222880004,"Fert.A"
"158","Bugarama-Cyarukara B-Twitekubuhinzi B",1043.0376358994,107.274896733169,"Fert.B"
"159","Bugarama-Cyarukara B-Twitezimbere A2",1000,85.3379650003577,"Fert.A"
"160","Bugarama-Cyarukara B-Twitezimbere C",1141.49469945668,75.972560336796,"Fert.B"
"161","Bugarama-Cyarukara B-Twongerumusaroro",1200,124.918820158788,"Fert.A"
"162","Bugarama-Cyarukara B-Twongerumusaroro B",1118.55141868866,112.346083238897,"Fert.B"
"163","Bugarama-Cyarukara B-Twungubumwe",300,111.064322017764,"Fert.A"
"164","Bugarama-Cyarukara B-TWUZUZANYE",1075.22390407873,103.484030288887,"Fert.B"
"165","Bugarama-Cyarukara B-Twuzuzanye B",700,121.938745081995,"Fert.A"
"166","Bugarama-Cyarukara B-umucyo",813.380396815017,76.6478955900485,"Fert.B"
"167","Bugarama-Cyingwa A-Ababyumvakimwe",900,124.62406198167,"Fert.A"
"168","Bugarama-Cyingwa A-Abadahigwa",612.788998751131,95.9740292802462,"Fert.B"
"169","Bugarama-Cyingwa A-Abesamihigo",900,79.144604531215,"Fert.A"
"170","Bugarama-Cyingwa A-Abishyizehamwe",591.782224716663,92.4214642376331,"Fert.B"
"171","Bugarama-Cyingwa A-Abiyemeje",900,99.9423513186432,"Fert.A"
"172","Bugarama-Cyingwa A-Abiyemejintego",607.49020167129,105.190816225168,"Fert.B"
"173","Bugarama-Cyingwa A-Dufatanye",1100,102.195640951083,"Fert.A"
"174","Bugarama-Cyingwa A-Duhuzimbaraga",327.097876349541,107.730836201424,"Fert.B"
"175","Bugarama-Cyingwa A-Duhuzimbaraga 2",1000,96.9117327331508,"Fert.A"
"176","Bugarama-Cyingwa A-Dukoranumwete A",747.955818833181,63.8252108259979,"Fert.B"
"177","Bugarama-Cyingwa A-Fatisuka",600,99.4167779264386,"Fert.A"
"178","Bugarama-Cyingwa A-Fatisuka 2",392.472229510756,94.3218777935237,"Fert.B"
"179","Bugarama-Cyingwa A-Indatwa",400,116.171286654565,"Fert.A"
"180","Bugarama-Cyingwa A-Ingamba",374.231102788997,79.5433900451644,"Fert.B"
"181","Bugarama-Cyingwa A-Ingenzi",600,113.581556727144,"Fert.A"
"182","Bugarama-Cyingwa A-jyambere",1365.37653227755,107.629729253007,"Fert.B"
"183","Bugarama-Cyingwa A-Terimbere",700,88.6551242922268,"Fert.A"
"184","Bugarama-Cyingwa A-twigirebahinzi",1408.24805187653,90.2348356546317,"Fert.B"
"185","Bugarama-Cyingwa A-Twihazemubiribwa 1",200,93.0222653904441,"Fert.A"
"186","Bugarama-Cyingwa A-Twite kubuhinzi",965.359542336473,89.1906292670464,"Fert.B"
"187","Bugarama-Cyingwa A-Twitekumurimo",1000,99.0670922653797,"Fert.A"
"188","Bugarama-Cyingwa A-Twiyubake",824.600390153571,133.297266045636,"Fert.B"
"189","Bugarama-Cyingwa A-Twizerane 1",700,92.1684972764716,"Fert.A"
"190","Bugarama-Cyingwa A-Twizerane 2",1028.09427621733,135.932096528789,"Fert.B"
"191","Bugarama-Cyingwa A-ubumwe",800,108.278754571129,"Fert.A"
"192","Bugarama-Cyingwa B-Abadacogora",1137.60847320914,109.325247211891,"Fert.B"
"193","Bugarama-Cyingwa B-Abahuje",700,70.2223097395552,"Fert.A"
"194","Bugarama-Cyingwa B-Abakoranabushake",708.370806825398,98.712603489823,"Fert.B"
"195","Bugarama-Cyingwa B-Dukore",1000,109.892922300768,"Fert.A"
"196","Bugarama-Cyingwa B-Ejoheza",375.709880483574,65.7332659054495,"Fert.B"
"197","Bugarama-Cyingwa B-Icyerekezo",600,101.919298740023,"Fert.A"
"198","Bugarama-Cyingwa B-Icyizere",475.704704282717,123.713826758671,"Fert.B"
"199","Bugarama-Cyingwa B-Indashyikirwa",600,113.330539298228,"Fert.A"
"200","Bugarama-Cyingwa B-Jyamberemuhinzi",668.04274724197,114.633988195229,"Fert.B"
"201","Bugarama-Cyingwa B-Nkundumurimo",1000,95.6064301618263,"Fert.A"
"202","Bugarama-Cyingwa B-Shishikara",220.095766957027,84.2656683248998,"Fert.B"
"203","Bugarama-Cyingwa B-Turikumwe",900,121.281294089561,"Fert.A"
"204","Bugarama-Cyingwa B-Turwanyinzara",237.287874386259,119.811560631958,"Fert.B"
"205","Bugarama-Cyingwa B-Tuzamurane",400,89.0454683623001,"Fert.A"
"206","Bugarama-Cyingwa B-Twigire",471.643756822875,102.283023687363,"Fert.B"
"207","Bugarama-Cyingwa B-Twigire 2",1200,115.845822206651,"Fert.A"
"208","Bugarama-Cyingwa B-Twihazemuribwa",841.194769301276,91.5573493127517,"Fert.B"
"209","Bugarama-Cyingwa B-Twisungane",800,134.445670079494,"Fert.A"
"210","Bugarama-Cyingwa B-Twisunganebahinzi",282.549609349071,102.955069689116,"Fert.B"
"211","Bugarama-Cyingwa B-Twitezimbere",600,106.982334697405,"Fert.A"
"212","Bugarama-Cyingwa B-Twitezimbere 2",856.209375166963,89.9696713767624,"Fert.B"
"213","Bugarama-Cyingwa B-Twiyubake B",600,114.505843065607,"Fert.A"
"214","Bugarama-Cyingwa B-Twungubumwe",1045.28218479343,156.034759476354,"Fert.B"
"215","Bugarama-Gahungeri A-Ababyumvakimwe",400,114.65189249026,"Fert.A"
"216","Bugarama-Gahungeri A-Abadahemuka",685.074754528046,106.041402532096,"Fert.B"
"217","Bugarama-Gahungeri A-abadahigwa",900,135.041182870062,"Fert.A"
"218","Bugarama-Gahungeri A-abadahigwa A",781.672398602484,80.5765621085856,"Fert.B"
"219","Bugarama-Gahungeri A-Abafatisuka",700,77.8520534267718,"Fert.A"
"220","Bugarama-Gahungeri A-abahizi",565.313584093335,127.916893973618,"Fert.B"
"221","Bugarama-Gahungeri A-Abahuje",1200,127.299456174902,"Fert.A"
"222","Bugarama-Gahungeri A-Abajyinama",1185.37082577415,69.7367449637609,"Fert.B"
"223","Bugarama-Gahungeri A-Abakoranabushake B",300,81.172354911535,"Fert.A"
"224","Bugarama-Gahungeri A-Abakoranumurava",927.485445984115,106.24971616969,"Fert.B"
"225","Bugarama-Gahungeri A-Abishyizehamwe",600,61.4742942694413,"Fert.A"
"226","Bugarama-Gahungeri A-Abishyizehamwe A",564.097660692084,104.954889698214,"Fert.B"
"227","Bugarama-Gahungeri A-Abishyizehamwe B",400,102.323574278199,"Fert.A"
"228","Bugarama-Gahungeri A-Abisunganye",677.50663097476,105.76328780357,"Fert.B"
"229","Bugarama-Gahungeri A-Abizeranye",1200,90.271295926549,"Fert.A"
"230","Bugarama-Gahungeri A-Dufatanye",548.135330493406,109.744792551416,"Fert.B"
"231","Bugarama-Gahungeri A-Dukore A",600,84.627662666457,"Fert.A"
"232","Bugarama-Gahungeri A-Dukundumurimo",503.390475939057,79.1522085619214,"Fert.B"
"233","Bugarama-Gahungeri A-Dushyigikirane",600,79.512894329632,"Fert.A"
"234","Bugarama-Gahungeri A-Dushyigikirane B",1087.14621245552,157.813903184422,"Fert.B"
"235","Bugarama-Gahungeri A-Ejoheza A",700,94.5106790573672,"Fert.A"
"236","Bugarama-Gahungeri A-Ejoheza B",452.803342908849,91.2660432383336,"Fert.B"
"237","Bugarama-Gahungeri A-Intore",400,143.612291485596,"Fert.A"
"238","Bugarama-Gahungeri A-Jyamberemuhinzi",408.189934360026,67.3254045192398,"Fert.B"
"239","Bugarama-Gahungeri A-Korandebe",1000,89.514256872494,"Fert.A"
"240","Bugarama-Gahungeri A-Kundumurimo",440.671528128907,76.4044766381805,"Fert.B"
"241","Bugarama-Gahungeri A-Teganya",300,88.1164190951204,"Fert.A"
"242","Bugarama-Gahungeri A-Terimbere",960.418300589479,122.965735566358,"Fert.B"
"243","Bugarama-Gahungeri A-Turwanyinzara B",500,114.217250459048,"Fert.A"
"244","Bugarama-Gahungeri A-Turwanyubukene",766.445460796017,68.4461183349298,"Fert.B"
"245","Bugarama-Gahungeri A-Tuzamurane A",500,112.549536898895,"Fert.A"
"246","Bugarama-Gahungeri A-Tuzamurane B",1103.73590016902,145.659811356227,"Fert.B"
"247","Bugarama-Gahungeri A-Tuzamurane C",900,106.500352589953,"Fert.A"
"248","Bugarama-Gahungeri A-Twesimihigo",802.694419067585,105.052485532732,"Fert.B"
"249","Bugarama-Gahungeri A-Twihazemubiribwa",900,87.2168458135441,"Fert.A"
"250","Bugarama-Gahungeri A-Twisungane A",1091.22172391858,91.3412143304416,"Fert.B"
"251","Bugarama-Gahungeri A-Twitezimbere B",800,92.4919891346243,"Fert.A"
"252","Bugarama-Gahungeri A-Twiyubake",1199.78506116577,111.87607332109,"Fert.B"
"253","Bugarama-Gahungeri A-Twongerumusaruro A",1100,121.899957799408,"Fert.A"
"254","Bugarama-Gahungeri A-Twongerumusaruro C",588.396437082331,71.6566465565082,"Fert.B"
"255","Bugarama-Gahungeri A-Ubumwe",400,73.463811074952,"Fert.A"
"256","Bugarama-Gahungeri B-abadacogora",516.229492984479,118.048339759517,"Fert.B"
"257","Bugarama-Gahungeri B-abadahemuka",1000,105.946313813929,"Fert.A"
"258","Bugarama-Gahungeri B-Abaharanirukuri",917.974567264545,100.693352670294,"Fert.B"
"259","Bugarama-Gahungeri B-Abahizi",1200,111.411263852105,"Fert.A"
"260","Bugarama-Gahungeri B-ABAHUJIMBARAGA",828.266233677175,138.806211870494,"Fert.B"
"261","Bugarama-Gahungeri B-Abahujumugambi",600,106.11143378198,"Fert.A"
"262","Bugarama-Gahungeri B-abajyamugambi",426.14497755056,118.394037966972,"Fert.B"
"263","Bugarama-Gahungeri B-Abajyinama",400,110.044477759565,"Fert.A"
"264","Bugarama-Gahungeri B-Abakoranamurava",789.851184605062,122.710969484269,"Fert.B"
"265","Bugarama-Gahungeri B-Abakoranumwete",1000,122.18401077476,"Fert.A"
"266","Bugarama-Gahungeri B-Abakoranumwete 2",813.432869137141,90.7815098462883,"Fert.B"
"267","Bugarama-Gahungeri B-Abesamihigo",800,98.2756645902272,"Fert.A"
"268","Bugarama-Gahungeri B-Abibumbiyehamwe",1198.57974897128,123.248272608404,"Fert.B"
"269","Bugarama-Gahungeri B-Abishyizehamwe B",700,89.9254176106091,"Fert.A"
"270","Bugarama-Gahungeri B-abishyizehamwe c",372.827399698395,73.4044081588536,"Fert.B"
"271","Bugarama-Gahungeri B-Abisunganye",600,70.9194566172706,"Fert.A"
"272","Bugarama-Gahungeri B-Abisunganye B",989.777453966954,71.6746455489874,"Fert.B"
"273","Bugarama-Gahungeri B-Bahoneza",1000,111.626874498714,"Fert.A"
"274","Bugarama-Gahungeri B-Duhuzumurimo",591.776205222872,107.444760625825,"Fert.B"
"275","Bugarama-Gahungeri B-Dukorere hamwe C",700,104.850873424102,"Fert.A"
"276","Bugarama-Gahungeri B-Dukundumurimo",102.298185717486,126.728826934947,"Fert.B"
"277","Bugarama-Gahungeri B-Duteraninkunga",800,80.0706413926683,"Fert.A"
"278","Bugarama-Gahungeri B-Icyerekezo",729.369027314532,97.4338357357108,"Fert.B"
"279","Bugarama-Gahungeri B-Imbaturabukungu",700,116.867976826609,"Fert.A"
"280","Bugarama-Gahungeri B-Imparanirakurusha",539.652867544563,125.887525359705,"Fert.B"
"281","Bugarama-Gahungeri B-Ituze",1200,111.995017411254,"Fert.A"
"282","Bugarama-Gahungeri B-Korandebe",718.487544048765,48.433330467319,"Fert.B"
"283","Bugarama-Gahungeri B-Terimbere",200,70.2997362910443,"Fert.A"
"284","Bugarama-Gahungeri B-Tugirumurava",786.692075532061,97.6194641145858,"Fert.B"
"285","Bugarama-Gahungeri B-turwanyinzara A",600,95.6875736015948,"Fert.A"
"286","Bugarama-Gahungeri B-tuzamurane",1377.63326456961,76.2019823995536,"Fert.B"
"287","Bugarama-Gahungeri B-tuzamurane B",800,99.6361983409488,"Fert.A"
"288","Bugarama-Gahungeri B-Twifatanye",510.747860448339,46.5628243247488,"Fert.B"
"289","Bugarama-Gahungeri B-twihazemubiribwa B",1100,71.0095585267186,"Fert.A"
"290","Bugarama-Gahungeri B-Twisungane",659.812689189879,86.724399459067,"Fert.B"
"291","Bugarama-Gahungeri B-twitabirumurimo",700,106.27763802437,"Fert.A"
"292","Bugarama-Gahungeri B-Twitezimbere A",1281.00972864116,109.112516582608,"Fert.B"
"293","Bugarama-Gahungeri B-Twitezimbere B",900,84.5373833357519,"Fert.A"
"294","Bugarama-Gahungeri B-twiyubake",637.435889692323,104.434792607774,"Fert.B"
"295","Bugarama-Gahungeri B-twiyubake 2",400,65.842978213879,"Fert.A"
"296","Bugarama-Gahungeri B-twizamure a",792.357964131018,97.4342730928555,"Fert.B"
"297","Bugarama-Gahungeri B-Twizigame",400,77.1103910757434,"Fert.A"
"298","Bugarama-Gahungeri B-Twuzuzanye",423.729280668311,83.6299966109733,"Fert.B"
"299","Bugarama-Gahungeri B-Ubumwe",500,109.174625968082,"Fert.A"
"300","Bugarama-Gahungeri B-Umurimo",928.81515788742,134.457779713012,"Fert.B"
"301","Bugarama-Gahungeri B-Urugwiro",1200,126.040818119213,"Fert.A"
"302","Bugarama-Gakoni A-Abadahigwa",441.484221269792,83.9973211924759,"Fert.B"
"303","Bugarama-Gakoni A-Abahizi",700,94.6620732208061,"Fert.A"
"304","Bugarama-Gakoni A-Abajyamugambi",741.438930789333,122.248953012902,"Fert.B"
"305","Bugarama-Gakoni A-Abajyamugambi B",800,57.9535419630338,"Fert.A"
"306","Bugarama-Gakoni A-Abakoranumurava",1341.0357274524,73.2477696040093,"Fert.B"
"307","Bugarama-Gakoni A-Abarihamwe",1000,74.6336427153073,"Fert.A"
"308","Bugarama-Gakoni A-Abunzubumwe",779.55296278031,127.752758783929,"Fert.B"
"309","Bugarama-Gakoni A-Duhaguruke",600,92.4001052313446,"Fert.A"
"310","Bugarama-Gakoni A-Dukore",922.157501941698,104.349956352648,"Fert.B"
"311","Bugarama-Gakoni A-Dukore A",900,113.746073128106,"Fert.A"
"312","Bugarama-Gakoni A-Dukorerehamwe A",712.175714493275,73.7949113618104,"Fert.B"
"313","Bugarama-Gakoni A-Dushyigikirane B",1200,144.837275370031,"Fert.A"
"314","Bugarama-Gakoni A-Duterimbere A",671.133513762834,122.35328000095,"Fert.B"
"315","Bugarama-Gakoni A-Imbaraga",1200,82.0383065725872,"Fert.A"
"316","Bugarama-Gakoni A-koramuhinzi",1061.57168761815,93.6305818013084,"Fert.B"
"317","Bugarama-Gakoni A-Turabishimiye",300,80.5385875597169,"Fert.A"
"318","Bugarama-Gakoni A-Tuzamurane",605.276171754152,103.240063702134,"Fert.B"
"319","Bugarama-Gakoni A-Twitezimbere",700,111.214049334007,"Fert.A"
"320","Bugarama-Gakoni A-TwitezimbereB",1084.67017348464,78.5204274826126,"Fert.B"
"321","Bugarama-Gakoni A-Twongerumusaruro",500,89.4918710520813,"Fert.A"
"322","Bugarama-Gakoni A-umwete",1388.17251763149,115.349728722346,"Fert.B"
"323","Bugarama-Gakoni A-Umwete B",700,128.376552917243,"Fert.A"
"324","Bugarama-Gakoni B-Abadahigwa",561.333175380342,108.650166424693,"Fert.B"
"325","Bugarama-Gakoni B-Abadasigana",300,95.4484091108309,"Fert.A"
"326","Bugarama-Gakoni B-Abadatana kubyiza",554.515423489578,123.131859656697,"Fert.B"
"327","Bugarama-Gakoni B-Abahuje",600,115.346988661369,"Fert.A"
"328","Bugarama-Gakoni B-Abahuje A",1329.23203030317,123.792755488307,"Fert.B"
"329","Bugarama-Gakoni B-Abahuje B",900,90.7105571560323,"Fert.A"
"330","Bugarama-Gakoni B-Abajyamugambi",722.804290900153,121.411270484065,"Fert.B"
"331","Bugarama-Gakoni B-Abishyizehamwe",700,130.603092197121,"Fert.A"
"332","Bugarama-Gakoni B-Abuzuzanya B",1058.67895435054,83.9524877319139,"Fert.B"
"333","Bugarama-Gakoni B-Dufatanye",400,93.4490769572158,"Fert.A"
"334","Bugarama-Gakoni B-DUFATANYE C",476.132031724498,107.178812986589,"Fert.B"
"335","Bugarama-Gakoni B-Dukore A",500,98.9874671309953,"Fert.A"
"336","Bugarama-Gakoni B-Dukorerehamwe A",1119.87265401761,99.9348730879503,"Fert.B"
"337","Bugarama-Gakoni B-Dukundane",800,64.9590275674123,"Fert.A"
"338","Bugarama-Gakoni B-Dukundane A",618.099199858945,113.361284295235,"Fert.B"
"339","Bugarama-Gakoni B-Dushyigikirane",1000,109.991107641428,"Fert.A"
"340","Bugarama-Gakoni B-Girumwete",867.744287240774,105.012210111279,"Fert.B"
"341","Bugarama-Gakoni B-Imbaraga",1000,95.7962933846811,"Fert.A"
"342","Bugarama-Gakoni B-Imbaraga B",610.426100598481,94.3142399812232,"Fert.B"
"343","Bugarama-Gakoni B-Indangamirwa",600,112.909092490278,"Fert.A"
"344","Bugarama-Gakoni B-kora",440.869168640861,109.802186787878,"Fert.B"
"345","Bugarama-Gakoni B-Kundisuka",1000,111.888990413833,"Fert.A"
"346","Bugarama-Gakoni B-Kundisuka B",1365.49248991934,125.484347326538,"Fert.B"
"347","Bugarama-Gakoni B-Sanimbaraga",700,112.560333404928,"Fert.A"
"348","Bugarama-Gakoni B-Sanimbaraga B",591.462348088532,77.1284754720881,"Fert.B"
"349","Bugarama-Gakoni B-tuzamurane B",600,107.253107598149,"Fert.A"
"350","Bugarama-Gakoni B-Twizerane",509.542203391976,67.1031569486137,"Fert.B"
"351","Bugarama-Gakoni B-Umwete",500,102.167419530378,"Fert.A"
"352","Bugarama-Gasebeya-abadacogora",605.031694095731,91.7602904415347,"Fert.B"
"353","Bugarama-Gasebeya-Abahuje",600,87.5002064984049,"Fert.A"
"354","Bugarama-Gasebeya-Abajyamugambi A",631.139068592426,81.8639705882698,"Fert.B"
"355","Bugarama-Gasebeya-Abajyamugambi B",700,100.304225940751,"Fert.A"
"356","Bugarama-Gasebeya-Abakoranabushake",633.576439051567,90.4228868527493,"Fert.B"
"357","Bugarama-Gasebeya-Abanyamurava",1000,131.416232335832,"Fert.A"
"358","Bugarama-Gasebeya-abaticumugambi",1093.29575525905,137.921817416232,"Fert.B"
"359","Bugarama-Gasebeya-Abishyizehamwe",600,90.1667177330328,"Fert.A"
"360","Bugarama-Gasebeya-Abishyizehamwe B",729.229979557544,108.220827184951,"Fert.B"
"361","Bugarama-Gasebeya-Abunzubumwe",800,84.6309641294533,"Fert.A"
"362","Bugarama-Gasebeya-Dufatanye",1035.35896511493,118.80663362159,"Fert.B"
"363","Bugarama-Gasebeya-Duhuzimbaraga",1100,112.293594943015,"Fert.A"
"364","Bugarama-Gasebeya-Duhuzubumwe",1460.30475138538,99.8483561714162,"Fert.B"
"365","Bugarama-Gasebeya-Dushyirehamwe",600,115.660775519011,"Fert.A"
"366","Bugarama-Gasebeya-Giribiryo",1050.8086431795,76.5558750342448,"Fert.B"
"367","Bugarama-Gasebeya-Girumurava",400,84.0870285574254,"Fert.A"
"368","Bugarama-Gasebeya-icyerekezo",1384.28437302235,107.397603302041,"Fert.B"
"369","Bugarama-Gasebeya-Kundumurimo",800,103.953947602287,"Fert.A"
"370","Bugarama-Gasebeya-Terimberemuhinzi",775.99059005958,87.261221668964,"Fert.B"
"371","Bugarama-Gasebeya-tujyembere",300,107.724190911867,"Fert.A"
"372","Bugarama-Gasebeya-Turwanyinzara",1197.15956182625,87.7049594815304,"Fert.B"
"373","Bugarama-Gasebeya-Turwanyinzara C",300,68.5798989965595,"Fert.A"
"374","Bugarama-Gasebeya-Twesimihigo",761.20152990001,99.3447835170332,"Fert.B"
"375","Bugarama-Gasebeya-Twihaze",700,42.1960623410265,"Fert.A"
"376","Bugarama-Gasebeya-twisungane",520.12153857264,95.0989398795869,"Fert.B"
"377","Bugarama-Gasebeya-Twitekubuhinzi A",500,140.689456411237,"Fert.A"
"378","Bugarama-Gasebeya-Twitekubuhinzi B",872.767753619842,80.2690832533905,"Fert.B"
"379","Bugarama-Gasebeya-Twitekubuhinzi C",600,64.9872779501588,"Fert.A"
"380","Bugarama-Gasebeya-Twitekubuhinzi D",537.294777440803,95.255765443811,"Fert.B"
"381","Bugarama-Gasebeya-twitezimbere",700,101.080928660313,"Fert.A"
"382","Bugarama-Gasebeya-Twitezimbere B",826.891421104732,96.7820548189544,"Fert.B"
"383","Bugarama-Gasebeya-Twizerane",900,111.319439289114,"Fert.A"
"384","Bugarama-Gasebeya-Twongerumusaruro",1304.76869498085,95.9261005636406,"Fert.B"
"385","Bugarama-Gasebeya-Twunguke",800,70.7799706820145,"Fert.A"
"386","Bugarama-Gasebeya B-Dufashanye",644.456809051273,116.00986675267,"Fert.B"
"387","Bugarama-Gasebeya B-Duhurizehamwe",1200,99.0746747299663,"Fert.A"
"388","Bugarama-Gasebeya B-duhuzimbaraga",284.406003981424,79.5886513002733,"Fert.B"
"389","Bugarama-Gasebeya B-Dukoreneza",900,88.8354276475689,"Fert.A"
"390","Bugarama-Gasebeya B-Dukorerehamwe",349.241742840701,86.8488250120334,"Fert.B"
"391","Bugarama-Gasebeya B-Duterimbere",700,122.074517588403,"Fert.A"
"392","Bugarama-Gasebeya B-Jyambere B",564.342911997741,112.771588135877,"Fert.B"
"393","Bugarama-Gasebeya B-Jyambere Muhinzi",800,95.6089301340606,"Fert.A"
"394","Bugarama-Gasebeya B-Kanguka",882.156624839002,100.152664353109,"Fert.B"
"395","Bugarama-Gasebeya B-Tubebamwe",600,84.7010418136602,"Fert.A"
"396","Bugarama-Gasebeya B-Tubehoneza",1132.70692576638,105.888247180449,"Fert.B"
"397","Bugarama-Gasebeya B-Tubehoneza B",700,93.3601041324755,"Fert.A"
"398","Bugarama-Gasebeya B-Tubemumajyambere",942.592628525716,74.0641681874728,"Fert.B"
"399","Bugarama-Gasebeya B-Tungubumwe",600,59.075336653737,"Fert.A"
"400","Bugarama-Gasebeya B-Tuzamurane",685.698795942411,119.241059826237,"Fert.B"
"401","Bugarama-Gasebeya B-Twesehamwe",800,91.5951705520985,"Fert.A"
"402","Bugarama-Gasebeya B-Twisungane",792.604978924014,112.630103039141,"Fert.B"
"403","Bugarama-Gasebeya B-Twitezimbere A",900,87.1635085424359,"Fert.A"
"404","Bugarama-Gasebeya B-Twitezimbere B",430.816058667021,110.304466639992,"Fert.B"
"405","Bugarama-Gasebeya B-Twizerane",400,103.797078031912,"Fert.A"
"406","Bugarama-Gasebeya B-Twongere",1125.25677734712,118.091195729259,"Fert.B"
"407","Bugarama-Gasebeya B-Twongere mubuhinzi",400,95.0089451288461,"Fert.A"
"408","Bugarama-Gasebeya B-Ubumwe",1096.62286498514,127.751515689979,"Fert.B"
"409","Bugarama-Gaseke-Ababyumvakimwe",700,79.6227797105585,"Fert.A"
"410","Bugarama-Gaseke-Abadacogora",779.459912014401,82.7095606866179,"Fert.B"
"411","Bugarama-Gaseke-abahuje",1100,105.135346637436,"Fert.A"
"412","Bugarama-Gaseke-Abajyamugambi",314.939499480792,110.265962930623,"Fert.B"
"413","Bugarama-Gaseke-Abaticumugambi",1100,95.8054500989108,"Fert.A"
"414","Bugarama-Gaseke-abesamihigo",549.047590971689,93.1984569984084,"Fert.B"
"415","Bugarama-Gaseke-Abishyizehamwe",1100,76.6269072546815,"Fert.A"
"416","Bugarama-Gaseke-Abiyunze",763.768473776816,99.3130558116425,"Fert.B"
"417","Bugarama-Gaseke-Abunzubumwe",700,113.972175666376,"Fert.A"
"418","Bugarama-Gaseke-Dufatanye",846.473856135166,116.206538951363,"Fert.B"
"419","Bugarama-Gaseke-Duhuzumugambi",1100,111.540172629309,"Fert.A"
"420","Bugarama-Gaseke-Dukoranumwete",113.771876164251,118.724771454643,"Fert.B"
"421","Bugarama-Gaseke-dukorerehamwe",1000,102.71865479204,"Fert.A"
"422","Bugarama-Gaseke-Duterimbere B",620.978216234968,139.74026672495,"Fert.B"
"423","Bugarama-Gaseke-Duterimbere c",600,91.2122101323565,"Fert.A"
"424","Bugarama-Gaseke-DuterimbereA",552.967989730455,103.223374412967,"Fert.B"
"425","Bugarama-Gaseke-Ejoheza",600,77.9766721798444,"Fert.A"
"426","Bugarama-Gaseke-Haranirubumweburambye",681.178156014966,103.944736729081,"Fert.B"
"427","Bugarama-Gaseke-ingandurabukungu",800,106.058171293842,"Fert.A"
"428","Bugarama-Gaseke-Ingenzi A",907.392021080971,120.862641882593,"Fert.B"
"429","Bugarama-Gaseke-ingenzi B",300,106.079094080028,"Fert.A"
"430","Bugarama-Gaseke-Jyambere muhinzi",409.543677321838,115.223964515683,"Fert.B"
"431","Bugarama-Gaseke-Kundumurimo",400,81.2029368108088,"Fert.A"
"432","Bugarama-Gaseke-Tubebamwe",963.736148560135,125.248281681881,"Fert.B"
"433","Bugarama-Gaseke-Tugwizumusaruro",1100,94.5531353880015,"Fert.A"
"434","Bugarama-Gaseke-Turwanyinzara",1132.72619551035,85.6228877217134,"Fert.B"
"435","Bugarama-Gaseke-Tuzamurane",1100,101.28593256935,"Fert.A"
"436","Bugarama-Gaseke-Twihazemubiribwa",303.5485745676,121.664316858564,"Fert.B"
"437","Bugarama-Gaseke-Twiyubake",700,47.9545957308664,"Fert.A"
"438","Bugarama-Gaseke-Twongerumusaruro",583.192986497221,110.024785712769,"Fert.B"
"439","Bugarama-Gaseke-Twungubumwe",100,63.3900903079262,"Fert.A"
"440","Bugarama-Gaseke-Umuhinzuvuguruye",1008.05597010551,100.660030307106,"Fert.B"
"441","Bugarama-Gaseke-Umurimunoze",1200,149.718306276494,"Fert.A"
"442","Bugarama-Gatereri A-abibumbye",744.852468084468,146.162712532587,"Fert.B"
"443","Bugarama-Gatereri A-Dufatenezubuhinzi",800,122.687878897098,"Fert.A"
"444","Bugarama-Gatereri A-Duhinge Ibishyimbo",443.757873504265,97.4145181209279,"Fert.B"
"445","Bugarama-Gatereri A-Duhuzimbaraga",700,88.1612508191582,"Fert.A"
"446","Bugarama-Gatereri A-Giribigega",1275.15708674474,97.5834495516994,"Fert.B"
"447","Bugarama-Gatereri A-Hagurukirumurimo",1200,92.0579154842126,"Fert.A"
"448","Bugarama-Gatereri A-Igisubizo Cyabahinzi",547.891656465395,114.504874235839,"Fert.B"
"449","Bugarama-Gatereri A-Indatwa",900,99.2549999382796,"Fert.A"
"450","Bugarama-Gatereri A-Inkingi",91.1401925498904,103.74652258671,"Fert.B"
"451","Bugarama-Gatereri A-Itakumurimo",700,39.7912840931431,"Fert.A"
"452","Bugarama-Gatereri A-Kimaranzara",229.234473658973,73.4564253654692,"Fert.B"
"453","Bugarama-Gatereri A-Komezimihigo",700,122.96022740765,"Fert.A"
"454","Bugarama-Gatereri A-Komezuterimbere",614.211637369963,111.211550064168,"Fert.B"
"455","Bugarama-Gatereri A-Koranumwete",700,119.744065164767,"Fert.A"
"456","Bugarama-Gatereri A-Terintambwe",1310.16458798515,41.4278494197111,"Fert.B"
"457","Bugarama-Gatereri A-tube Intwari",900,97.6531511210883,"Fert.A"
"458","Bugarama-Gatereri A-Tubumwe",931.435777600996,126.369688555346,"Fert.B"
"459","Bugarama-Gatereri A-Tubumwe B",600,123.100492220297,"Fert.A"
"460","Bugarama-Gatereri A-Turwanyinzara",813.693458944991,94.4745221148005,"Fert.B"
"461","Bugarama-Gatereri A-Tuzamurane",700,51.0683660449267,"Fert.A"
"462","Bugarama-Gatereri A-Twese dukore",1075.41446947111,89.5531924757224,"Fert.B"
"463","Bugarama-Gatereri A-Twihaze",500,129.661641250323,"Fert.A"
"464","Bugarama-Gatereri A-Twitezimbere",543.329088718219,125.543771472289,"Fert.B"
"465","Bugarama-Gatereri A-Twongerumusaruro  B",800,95.8841662562922,"Fert.A"
"466","Bugarama-Gatereri A-Twongerumusaruro A",796.052315330281,104.631542356872,"Fert.B"
"467","Bugarama-Gatereri A-Twongerumusarurobahinzi",600,98.8948136718141,"Fert.A"
"468","Bugarama-Gatereri A-Ubukungu Iwacu",209.102442254454,76.0939316550192,"Fert.B"
"469","Bugarama-Gatereri B-Abadacogora",900,154.965659181528,"Fert.A"
"470","Bugarama-Gatereri B-Abadahigwa",784.808096179753,94.2696229918449,"Fert.B"
"471","Bugarama-Gatereri B-Abakundubumwe",800,76.7411018958234,"Fert.A"
"472","Bugarama-Gatereri B-Abakundumurimo",1385.16300972838,75.7496093486415,"Fert.B"
"473","Bugarama-Gatereri B-Abesamihigo",1100,101.241337729214,"Fert.A"
"474","Bugarama-Gatereri B-Abiheshagaciro",901.641555612456,104.282657619717,"Fert.B"
"475","Bugarama-Gatereri B-Abishyizehamwe",1200,95.295616968048,"Fert.A"
"476","Bugarama-Gatereri B-Dufatanye",1085.77274267745,101.872312739853,"Fert.B"
"477","Bugarama-Gatereri B-Duterimberemubuhinzi",800,97.265541026533,"Fert.A"
"478","Bugarama-Gatereri B-Duterimberemubuhinzi B",323.941399299552,119.843453922364,"Fert.B"
"479","Bugarama-Gatereri B-Imbaraga",900,121.807545014103,"Fert.A"
"480","Bugarama-Gatereri B-Imbaturabukungu",593.41743638007,114.353476410647,"Fert.B"
"481","Bugarama-Gatereri B-Intangarugeromubuhinzi",700,105.933786266959,"Fert.A"
"482","Bugarama-Gatereri B-Jyamberemuhinzi A",868.960987444246,108.341018025301,"Fert.B"
"483","Bugarama-Gatereri B-Jyamberemuhinzi B",500,137.206547740153,"Fert.A"
"484","Bugarama-Gatereri B-Kundumurimo",754.489992529399,108.539496078662,"Fert.B"
"485","Bugarama-Gatereri B-Terimberemuhinzi",600,113.464227566693,"Fert.A"
"486","Bugarama-Gatereri B-Tubehoneza",882.342256284699,111.348448111982,"Fert.B"
"487","Bugarama-Gatereri B-Twihazemubiribwa",500,66.1167168811824,"Fert.A"
"488","Bugarama-Gatereri B-Twimarinzara",515.015996461436,81.4719180901148,"Fert.B"
"489","Bugarama-Gatereri B-Twisungane",200,96.6998237607579,"Fert.A"
"490","Bugarama-Gatereri B-Twiyubake",1151.83098642216,134.830929789724,"Fert.B"
"491","Bugarama-Gatereri B-Twuzuzanye",400,123.309758381068,"Fert.A"
"492","Bugarama-Gatereri B-Urumuri",983.670848767301,73.8013665306232,"Fert.B"
"493","Bugarama-Gatereri B-Urumuri rwabahinzi",900,90.2163714269617,"Fert.A"
"494","Bugarama-Hangabashi-Abadacogora",724.963048616844,55.0160518910738,"Fert.B"
"495","Bugarama-Hangabashi-Abadahigwa",700,60.8212444627839,"Fert.A"
"496","Bugarama-Hangabashi-Abahuje",476.607523263114,88.5482458405411,"Fert.B"
"497","Bugarama-Hangabashi-abajyamugambi",300,76.4642806809549,"Fert.A"
"498","Bugarama-Hangabashi-Abishyizehamwe",375.280686930602,71.4423044501255,"Fert.B"
"499","Bugarama-Hangabashi-dukoranumurava",900,109.023035515811,"Fert.A"
"500","Bugarama-Hangabashi-Dukore",506.59469459298,79.411428047264,"Fert.B"
"501","Bugarama-Hangabashi-DukorerehamweA",500,98.0588074494237,"Fert.A"
"502","Bugarama-Hangabashi-Icyerekezo",474.766145631027,97.4536198691632,"Fert.B"
"503","Bugarama-Hangabashi-Icyizere",900,96.1073732240784,"Fert.A"
"504","Bugarama-Hangabashi-Imbangukiragutabara",814.680584638267,115.733675337708,"Fert.B"
"505","Bugarama-Hangabashi-imbaraga",800,68.9585952267979,"Fert.A"
"506","Bugarama-Hangabashi-Imigambi",1155.0824678768,79.8516289020151,"Fert.B"
"507","Bugarama-Hangabashi-Imihigo",500,70.2815597669017,"Fert.A"
"508","Bugarama-Hangabashi-Impinduka",702.803858506948,94.3473043293067,"Fert.B"
"509","Bugarama-Hangabashi-Indongozi",500,92.2462134390068,"Fert.A"
"510","Bugarama-Hangabashi-Ingamba",807.043366673091,116.622823005353,"Fert.B"
"511","Bugarama-Hangabashi-Ingenzi",600,135.81168349048,"Fert.A"
"512","Bugarama-Hangabashi-Intwari",390.830421695884,108.210121972013,"Fert.B"
"513","Bugarama-Hangabashi-jyamberemuhinzi",700,111.964082854474,"Fert.A"
"514","Bugarama-Hangabashi-Kangukamuhinzi",1192.18046235043,107.109454189661,"Fert.B"
"515","Bugarama-Hangabashi-Nyampanga sTeachers",500,112.39011531654,"Fert.A"
"516","Bugarama-Hangabashi-Shirukubute Muhinzi",727.595214400817,96.7690148003753,"Fert.B"
"517","Bugarama-Hangabashi-Terimbere",400,81.7738298711463,"Fert.A"
"518","Bugarama-Hangabashi-Twihazemubiribwa",661.372059370635,112.872455903049,"Fert.B"
"519","Bugarama-Hangabashi-Twisungane  C",300,75.3281542289223,"Fert.A"
"520","Bugarama-Hangabashi-twitekubuhinzi  A",577.26631046104,76.3630150986534,"Fert.B"
"521","Bugarama-Hangabashi-twitekubuhinzi  b",1100,83.7977114633882,"Fert.A"
"522","Bugarama-Hangabashi-Twitezimbere b",910.581257683424,97.9182719117324,"Fert.B"
"523","Bugarama-Hangabashi-Twongerumusaruro",200,95.8465016279353,"Fert.A"
"524","Bugarama-Hangabashi-Umurimo",622.821929425598,88.6003575422258,"Fert.B"
"525","Bugarama-Higiro-Abadacogora",500,104.44378996462,"Fert.A"
"526","Bugarama-Higiro-abahujimbaraga",761.250834122317,90.5192793205347,"Fert.B"
"527","Bugarama-Higiro-Abajyamugambi",500,119.285937938898,"Fert.A"
"528","Bugarama-Higiro-Abanyamurava",1244.18102680673,95.04130063613,"Fert.B"
"529","Bugarama-Higiro-abishyizehamwe",300,83.0872586470784,"Fert.A"
"530","Bugarama-Higiro-Abunzubumwe A",781.563593284831,64.6599387041846,"Fert.B"
"531","Bugarama-Higiro-Abunzubumwe B",700,97.0486117688552,"Fert.A"
"532","Bugarama-Higiro-Dufatanye",738.553306887131,136.223704864171,"Fert.B"
"533","Bugarama-Higiro-Dufatanye B",500,76.6472896588882,"Fert.A"
"534","Bugarama-Higiro-Duhagurukirumurimo",1237.08910223431,109.054350868418,"Fert.B"
"535","Bugarama-Higiro-Duharanirekongerumusaruro A",700,107.077594465586,"Fert.A"
"536","Bugarama-Higiro-DuharanirekongerumusaruroB",1088.19051204941,89.9069544660763,"Fert.B"
"537","Bugarama-Higiro-Duharanirinyungu",1000,80.7376546090034,"Fert.A"
"538","Bugarama-Higiro-Duhuzimbaraga",1104.4176302035,67.6712728842577,"Fert.B"
"539","Bugarama-Higiro-Duhuzumugambi",600,101.757170526371,"Fert.A"
"540","Bugarama-Higiro-Dukundumurimo",615.431474424212,126.740336322561,"Fert.B"
"541","Bugarama-Higiro-Dukundumurimo A",700,93.4827501914474,"Fert.A"
"542","Bugarama-Higiro-Duterimbere",1032.55620048569,82.5878693837428,"Fert.B"
"543","Bugarama-Higiro-Duterintambwe",1200,117.753163166149,"Fert.A"
"544","Bugarama-Higiro-Gukoranikare",458.193230097707,108.677865134753,"Fert.B"
"545","Bugarama-Higiro-Habintwari",800,124.807878203008,"Fert.A"
"546","Bugarama-Higiro-Hagurukukore",641.468168784522,84.3129725623194,"Fert.B"
"547","Bugarama-Higiro-jyambere",700,75.2671966030591,"Fert.A"
"548","Bugarama-Higiro-Terimbere",473.130962222372,83.6036869378522,"Fert.B"
"549","Bugarama-Higiro-Tubumwe",400,120.315521053374,"Fert.A"
"550","Bugarama-Higiro-Tugwizumusaruro",615.79955822895,99.3891969926131,"Fert.B"
"551","Bugarama-Higiro-Turwanyinzara",900,84.1910091663595,"Fert.A"
"552","Bugarama-Higiro-turwanyubukene A",1165.30269163241,114.475631427844,"Fert.B"
"553","Bugarama-Higiro-Turwanyubukene B",600,118.276869735252,"Fert.A"
"554","Bugarama-Higiro-Tuzamurane",778.57062737651,78.444875123789,"Fert.B"
"555","Bugarama-Higiro-Twegerane",500,144.023162952218,"Fert.A"
"556","Bugarama-Higiro-Twesimihigo",643.346005451835,127.545219982507,"Fert.B"
"557","Bugarama-Higiro-Twibumbirehamwe",600,101.492503497631,"Fert.A"
"558","Bugarama-Higiro-Twihazemubiribwa",455.510599509178,107.544779326556,"Fert.B"
"559","Bugarama-Higiro-Twitekubuhinzi",1100,121.204825972267,"Fert.A"
"560","Bugarama-Higiro-Twungubumwe",972.523166577148,72.0745513840804,"Fert.B"
"561","Bugarama-Kamanu A-Abadahemuka",1100,80.8570869112219,"Fert.A"
"562","Bugarama-Kamanu A-Abadahemuka B",329.451268405599,111.172723826693,"Fert.B"
"563","Bugarama-Kamanu A-abagwizumusaruro",400,74.9042552798537,"Fert.A"
"564","Bugarama-Kamanu A-abagwizumusaruroB",787.514208243672,105.159934179865,"Fert.B"
"565","Bugarama-Kamanu A-abahujimbaraga",600,142.719844466703,"Fert.A"
"566","Bugarama-Kamanu A-abahujumurava",1009.52989072993,87.0657929176998,"Fert.B"
"567","Bugarama-Kamanu A-abajyamugambi",200,100.019195369277,"Fert.A"
"568","Bugarama-Kamanu A-Abajyamugambi B",633.610177298414,92.7930546451504,"Fert.B"
"569","Bugarama-Kamanu A-Abujumurava B",1000,110.939311412693,"Fert.A"
"570","Bugarama-Kamanu A-Dufatanyemwiterambere A",614.49543376606,93.3717291775577,"Fert.B"
"571","Bugarama-Kamanu A-Dufatanyemwiterambere B",900,109.314710897479,"Fert.A"
"572","Bugarama-Kamanu A-Duhangumurimo B",724.955133475794,117.524390307039,"Fert.B"
"573","Bugarama-Kamanu A-Duharaniramajyambere",1100,58.2375160052616,"Fert.A"
"574","Bugarama-Kamanu A-Duharanirukuri",481.474276877355,101.936762803193,"Fert.B"
"575","Bugarama-Kamanu A-Duhingeneza B",700,136.971499534241,"Fert.A"
"576","Bugarama-Kamanu A-Duhorekumurimo B",432.965774807953,113.563047588888,"Fert.B"
"577","Bugarama-Kamanu A-Duhoretwiteguye",600,86.8597996118283,"Fert.A"
"578","Bugarama-Kamanu A-duhuzimbaraga",1318.83450485609,115.890598259394,"Fert.B"
"579","Bugarama-Kamanu A-Dukoraningoga",800,101.948427928054,"Fert.A"
"580","Bugarama-Kamanu A-Dukoreneza",438.356095039125,110.767819724951,"Fert.B"
"581","Bugarama-Kamanu A-Dukorevuba",800,104.480374620103,"Fert.A"
"582","Bugarama-Kamanu A-Dusangirubuzima",339.869310649165,92.8719786736511,"Fert.B"
"583","Bugarama-Kamanu A-Dusangirubuzima B",600,126.622480814589,"Fert.A"
"584","Bugarama-Kamanu A-Ejoheza",633.158727668127,107.327597420904,"Fert.B"
"585","Bugarama-Kamanu A-Girukuri",900,114.966414764822,"Fert.A"
"586","Bugarama-Kamanu A-Girumwete",240.965340496642,69.6584521016238,"Fert.B"
"587","Bugarama-Kamanu A-haguruka ukore B",600,118.277365238497,"Fert.A"
"588","Bugarama-Kamanu A-Hinganeza",704.674604868394,88.4547979405231,"Fert.B"
"589","Bugarama-Kamanu A-indatwa",800,100.324393600983,"Fert.A"
"590","Bugarama-Kamanu A-Koranumwete B",1258.7585814461,88.8912697231868,"Fert.B"
"591","Bugarama-Kamanu A-Mfashangufashe",900,74.4091896500799,"Fert.A"
"592","Bugarama-Kamanu A-Mutimukeye",840.588722110724,90.2868947492962,"Fert.B"
"593","Bugarama-Kamanu A-Tubehotwese",300,143.430256694427,"Fert.A"
"594","Bugarama-Kamanu A-Tugirumucyo",635.13059889613,95.2016212395156,"Fert.B"
"595","Bugarama-Kamanu A-turwanyinzara",1200,61.891546687552,"Fert.A"
"596","Bugarama-Kamanu A-Turyeneza",630.273606854752,68.3306184818769,"Fert.B"
"597","Bugarama-Kamanu A-TuzamuraneB",300,89.4660193294683,"Fert.A"
"598","Bugarama-Kamanu A-Twibanire",664.208138533344,131.642754192691,"Fert.B"
"599","Bugarama-Kamanu A-Twihazemubiribwa",600,102.641885010841,"Fert.A"
"600","Bugarama-Kamanu A-Twisungane",1061.97832402723,62.5325751834233,"Fert.B"
"601","Bugarama-Kamanu A-Twitekumurimo",600,114.870422158761,"Fert.A"
"602","Bugarama-Kamanu A-twitezimbere",801.214261997952,103.856755838815,"Fert.B"
"603","Bugarama-Kamanu A-twiyubake",900,105.20667301227,"Fert.A"
"604","Bugarama-Kamanu A-Twizerane",1158.49733708613,133.069820917422,"Fert.B"
"605","Bugarama-Kamanu A-Umurimunoze",500,110.981640453904,"Fert.A"
"606","Bugarama-Kamanu A-Urugero",505.358861101566,97.5609758870731,"Fert.B"
"607","Bugarama-Kamanu B-Abadacogora",800,83.8789017198645,"Fert.A"
"608","Bugarama-Kamanu B-Abagirubukungu",1121.03110105999,101.16904699084,"Fert.B"
"609","Bugarama-Kamanu B-Abahigabandi",300,130.055384017186,"Fert.A"
"610","Bugarama-Kamanu B-Abajyamugambi C",793.283947258868,100.585525194497,"Fert.B"
"611","Bugarama-Kamanu B-Abakoranabushake",500,71.8535458281914,"Fert.A"
"612","Bugarama-Kamanu B-Abakoranimbaraga",808.86343492422,142.066267687299,"Fert.B"
"613","Bugarama-Kamanu B-Abakorerahamwe",800,75.5943471420092,"Fert.A"
"614","Bugarama-Kamanu B-Abakorerakugihe",847.767036390347,108.115758646349,"Fert.B"
"615","Bugarama-Kamanu B-Abesamihigo A",600,125.120817445102,"Fert.A"
"616","Bugarama-Kamanu B-Abishyizehamwe",1118.47252957089,93.1901014456475,"Fert.B"
"617","Bugarama-Kamanu B-Abishyizehamwe A",600,107.262860005777,"Fert.A"
"618","Bugarama-Kamanu B-Abunzubumwe",674.524968822908,97.972656844021,"Fert.B"
"619","Bugarama-Kamanu B-Dufatanye",700,89.3088526166471,"Fert.A"
"620","Bugarama-Kamanu B-Duhagurukirumurimo A",511.462821491906,112.03593062789,"Fert.B"
"621","Bugarama-Kamanu B-Duhagurukirumurimo B",400,93.8505182354131,"Fert.A"
"622","Bugarama-Kamanu B-Duhagurukirumurimo C",1543.86747694236,119.791033305233,"Fert.B"
"623","Bugarama-Kamanu B-Duharaniramajyambere B",900,113.025398640422,"Fert.A"
"624","Bugarama-Kamanu B-Duhingeneza",1034.18664287567,122.316009987838,"Fert.B"
"625","Bugarama-Kamanu B-Dukoranumurava",700,89.4843388597884,"Fert.A"
"626","Bugarama-Kamanu B-Hagurukukore",838.358634968941,145.890430083103,"Fert.B"
"627","Bugarama-Kamanu B-Imbanzabigwi",900,105.793204591552,"Fert.A"
"628","Bugarama-Kamanu B-Imbaragazirihamwe",846.800348266489,110.331749556208,"Fert.B"
"629","Bugarama-Kamanu B-Imbaturabukungu",600,76.6924051900348,"Fert.A"
"630","Bugarama-Kamanu B-Indashyikirwa",889.130728463609,130.269060197472,"Fert.B"
"631","Bugarama-Kamanu B-Iteganyirize",700,105.668776965259,"Fert.A"
"632","Bugarama-Kamanu B-Kangukukore",525.403605412194,119.637553670577,"Fert.B"
"633","Bugarama-Kamanu B-Kundumurimo B",600,68.0342556968234,"Fert.A"
"634","Bugarama-Kamanu B-Twihazemubiribwa",1013.28340571588,98.8476807785935,"Fert.B"
"635","Bugarama-Kamanu B-Twisungane",1000,96.1646161453794,"Fert.A"
"636","Bugarama-Kamanu B-Twitekubuhinzi",813.59398582918,103.863377048835,"Fert.B"
"637","Bugarama-Kamanu B-Twitezimbere  B",700,102.411801203052,"Fert.A"
"638","Bugarama-Kamanu B-Twitezimbere A",623.105700675399,63.9583533265433,"Fert.B"
"639","Bugarama-Kamanu B-Twiyubake",900,109.161135339033,"Fert.A"
"640","Bugarama-Kamanu B-Twiyubake B",944.435536045963,94.4134793094647,"Fert.B"
"641","Bugarama-Kamanu B-Urumuri B",700,102.412070280327,"Fert.A"
"642","Bugarama-Kigenge A-Abadacogora",418.872817240256,121.636858984228,"Fert.B"
"643","Bugarama-Kigenge A-Abadasigana",1000,98.000560308702,"Fert.A"
"644","Bugarama-Kigenge A-Abajyamugambi A",1025.89243656344,89.3834879800232,"Fert.B"
"645","Bugarama-Kigenge A-Abajyamugambi B",1000,123.196221801121,"Fert.A"
"646","Bugarama-Kigenge A-Abanyamurava",897.521809574188,106.060770178024,"Fert.B"
"647","Bugarama-Kigenge A-Abishyizehamwe",400,88.0003447839002,"Fert.A"
"648","Bugarama-Kigenge A-Amizero",836.439233207936,83.9081664616671,"Fert.B"
"649","Bugarama-Kigenge A-Dufatanye",800,110.371222357079,"Fert.A"
"650","Bugarama-Kigenge A-Dufatanye A",432.904095503325,135.692195777494,"Fert.B"
"651","Bugarama-Kigenge A-Duterimbere",500,109.279796955021,"Fert.A"
"652","Bugarama-Kigenge A-Duterimbere C",877.384623369938,105.870797882826,"Fert.B"
"653","Bugarama-Kigenge A-Ejoheza",700,89.2686726452439,"Fert.A"
"654","Bugarama-Kigenge A-Gihungwe",880.928269953722,85.7012422983031,"Fert.B"
"655","Bugarama-Kigenge A-Indatwa",700,83.3728700955431,"Fert.A"
"656","Bugarama-Kigenge A-Ingoboka",1186.21196164251,104.221248313659,"Fert.B"
"657","Bugarama-Kigenge A-Ingoboka B",900,81.103570382556,"Fert.A"
"658","Bugarama-Kigenge A-Kizami B",929.928051858401,56.6114996981709,"Fert.B"
"659","Bugarama-Kigenge A-KORANUMWETE",600,102.208671149026,"Fert.A"
"660","Bugarama-Kigenge A-kundumurimo",489.06531796464,114.121099965317,"Fert.B"
"661","Bugarama-Kigenge A-Tuzamurane",900,108.437827337952,"Fert.A"
"662","Bugarama-Kigenge A-Tuzamurane B",625.389293595882,116.665768686377,"Fert.B"
"663","Bugarama-Kigenge A-Twigire",800,78.8407049277439,"Fert.A"
"664","Bugarama-Kigenge A-Twisungane B",864.480658191592,114.325215349866,"Fert.B"
"665","Bugarama-Kigenge A-Twitezimbere A",500,109.428844502565,"Fert.A"
"666","Bugarama-Kigenge A-Twitezimbere B",716.776011983131,88.3237083831842,"Fert.B"
"667","Bugarama-Kigenge A-Twizerane",800,98.8982559549649,"Fert.A"
"668","Bugarama-Kigenge A-Twizerane  A",958.610872600937,84.7104049840185,"Fert.B"
"669","Bugarama-Kigenge A-Twizerane B",600,107.908216897392,"Fert.A"
"670","Bugarama-Kigenge A-Twizerane C",486.895311602038,140.646646685754,"Fert.B"
"671","Bugarama-Kigenge A-twizerane D",800,130.097301147546,"Fert.A"
"672","Bugarama-Kigenge A-Twubakane",729.033408984315,107.786567484171,"Fert.B"
"673","Bugarama-Kigenge A-twungubumwe",900,107.470551702772,"Fert.A"
"674","Bugarama-Kigenge A-umucyo",1312.85156095913,112.459325069166,"Fert.B"
"675","Bugarama-Kigenge A-Umurimo",800,93.5512833607877,"Fert.A"
"676","Bugarama-Kigenge A-Umwete",775.103683499699,81.19540512255,"Fert.B"
"677","Bugarama-Kigenge B-Abajyamugambi A",1100,104.095756121099,"Fert.A"
"678","Bugarama-Kigenge B-Abajyamugambi C",942.338532088772,115.411350044041,"Fert.B"
"679","Bugarama-Kigenge B-AbajyamugambiB",600,51.0668284937762,"Fert.A"
"680","Bugarama-Kigenge B-Abishyizehamwe",594.10189296601,96.8464771942552,"Fert.B"
"681","Bugarama-Kigenge B-Abunzubumwe",1200,62.9516037950204,"Fert.A"
"682","Bugarama-Kigenge B-Amajyambere",671.514815564636,71.2694983133697,"Fert.B"
"683","Bugarama-Kigenge B-Dufatanye A",400,138.803711614054,"Fert.A"
"684","Bugarama-Kigenge B-Dufatanye B",512.877561216595,107.456274200914,"Fert.B"
"685","Bugarama-Kigenge B-Dufatanye D",500,130.17526903557,"Fert.A"
"686","Bugarama-Kigenge B-DufatanyeC",1323.5487687046,65.9653837508177,"Fert.B"
"687","Bugarama-Kigenge B-Duhingeneza",600,115.773657439418,"Fert.A"
"688","Bugarama-Kigenge B-Dukorerehamwe A",635.336735688906,74.7691143515537,"Fert.B"
"689","Bugarama-Kigenge B-Imbaraga",1100,119.983950791209,"Fert.A"
"690","Bugarama-Kigenge B-Indashyikirwa",554.534569488368,119.567578257426,"Fert.B"
"691","Bugarama-Kigenge B-JyamberemuhinziA",400,116.848188574436,"Fert.A"
"692","Bugarama-Kigenge B-jyamberemuhinziB",1134.88249072291,119.577118002448,"Fert.B"
"693","Bugarama-Kigenge B-JyamberemuhinziC",700,99.4695851415802,"Fert.A"
"694","Bugarama-Kigenge B-Kacyiru A",919.224840363851,107.736769562266,"Fert.B"
"695","Bugarama-Kigenge B-Kacyiru B",800,97.6535262704895,"Fert.A"
"696","Bugarama-Kigenge B-Kacyiru C",924.041653988735,83.6150732614683,"Fert.B"
"697","Bugarama-Kigenge B-KacyiruD",1200,121.576863581313,"Fert.A"
"698","Bugarama-Kigenge B-Kizami",1060.24139134964,85.7446147844516,"Fert.B"
"699","Bugarama-Kigenge B-Tuzamurane B",600,100.236835834658,"Fert.A"
"700","Bugarama-Kigenge B-Twisungane C",493.149260198759,102.672614854113,"Fert.B"
"701","Bugarama-Kigenge B-Twitezimbere",800,87.2896143735134,"Fert.A"
"702","Bugarama-Kigenge B-Twizamure",1302.56482960457,136.554242699654,"Fert.B"
"703","Bugarama-Kigenge B-Twizerane A",400,63.6439233982387,"Fert.A"
"704","Bugarama-Kiziho A-Abadacogora",900.899979401287,109.115786778762,"Fert.B"
"705","Bugarama-Kiziho A-Abadahemuka B",700,81.1197127868105,"Fert.A"
"706","Bugarama-Kiziho A-Abadahirwa",1054.32680202081,125.658890500259,"Fert.B"
"707","Bugarama-Kiziho A-abajyamugambi",700,109.517564281205,"Fert.A"
"708","Bugarama-Kiziho A-Abajyananigihe",1048.69536019208,130.992514994485,"Fert.B"
"709","Bugarama-Kiziho A-Abakundumurimo",900,90.5022588287702,"Fert.A"
"710","Bugarama-Kiziho A-Abaticumugambi",443.936199260218,85.8358012966748,"Fert.B"
"711","Bugarama-Kiziho A-Abesamihigo",900,78.7686466172564,"Fert.A"
"712","Bugarama-Kiziho A-Abibumbye",890.495372225114,104.099069065695,"Fert.B"
"713","Bugarama-Kiziho A-Duhingeneza",500,114.860847573544,"Fert.A"
"714","Bugarama-Kiziho A-dukore B",1231.43023976611,118.673531062494,"Fert.B"
"715","Bugarama-Kiziho A-Duteraninkunga",1000,80.9826576010391,"Fert.A"
"716","Bugarama-Kiziho A-Duterimbere",1029.79489457267,50.5257146669199,"Fert.B"
"717","Bugarama-Kiziho A-Ejoheza",500,101.742725620556,"Fert.A"
"718","Bugarama-Kiziho A-Gukoranikare",932.243576869734,102.537527035642,"Fert.B"
"719","Bugarama-Kiziho A-Haguruka",900,119.06459348403,"Fert.A"
"720","Bugarama-Kiziho A-horanubutwari",950.987923486324,103.734942783709,"Fert.B"
"721","Bugarama-Kiziho A-Intwarane",600,95.5154704030951,"Fert.A"
"722","Bugarama-Kiziho A-Kanguka",228.68217380935,114.21563455444,"Fert.B"
"723","Bugarama-Kiziho A-ongerumusaruro",800,85.7542880546815,"Fert.A"
"724","Bugarama-Kiziho A-terimbere",762.853266518418,99.6241733183981,"Fert.B"
"725","Bugarama-Kiziho A-Terintambwe",500,84.9900646585879,"Fert.A"
"726","Bugarama-Kiziho A-Tuzamurane",954.184228582743,94.902344526532,"Fert.B"
"727","Bugarama-Kiziho A-Twishyirehamwe",700,88.6470852284434,"Fert.A"
"728","Bugarama-Kiziho A-twitekumurimo",821.662888732272,126.455358962698,"Fert.B"
"729","Bugarama-Kiziho A-twitezimbere",700,78.0565831057433,"Fert.A"
"730","Bugarama-Kiziho A-Twitezimberemuhinzi",500.171041375788,96.7672227264161,"Fert.B"
"731","Bugarama-Kiziho A-Twiyubake",900,66.5775841097487,"Fert.A"
"732","Bugarama-Kiziho A-twongerumusaruro",1206.79035631523,65.7125511276471,"Fert.B"
"733","Bugarama-Kiziho B-Abadahemuka",700,74.3151995951683,"Fert.A"
"734","Bugarama-Kiziho B-Abahinzi",851.413079946119,110.51229459263,"Fert.B"
"735","Bugarama-Kiziho B-Abakorerahamwe",500,108.104440860782,"Fert.A"
"736","Bugarama-Kiziho B-Abakundumurimo B",568.100007943096,84.0933835496668,"Fert.B"
"737","Bugarama-Kiziho B-Abanyamurava",500,120.472831261048,"Fert.A"
"738","Bugarama-Kiziho B-Abaticumugambi B",780.713830973285,63.7523786496029,"Fert.B"
"739","Bugarama-Kiziho B-Abunzubumwe",500,123.070425240025,"Fert.A"
"740","Bugarama-Kiziho B-Dufatanye",450.756818468793,113.543517993063,"Fert.B"
"741","Bugarama-Kiziho B-Duhuzimbaraga",700,148.671192748673,"Fert.A"
"742","Bugarama-Kiziho B-Dukore",647.921571654277,102.73490883362,"Fert.B"
"743","Bugarama-Kiziho B-Dukorerehamwe",500,63.6931213397262,"Fert.A"
"744","Bugarama-Kiziho B-Dutezimberemubuhinzi",1179.23261702597,102.693585157321,"Fert.B"
"745","Bugarama-Kiziho B-Indashyikirwa",600,76.4667540999343,"Fert.A"
"746","Bugarama-Kiziho B-Indatwamumihigo",540.182973549483,89.3597746922792,"Fert.B"
"747","Bugarama-Kiziho B-Jyambere",1000,93.7579789283806,"Fert.A"
"748","Bugarama-Kiziho B-Tubehoneza A",615.527215800619,101.41118580683,"Fert.B"
"749","Bugarama-Kiziho B-Tubumwe",400,94.3976595157793,"Fert.A"
"750","Bugarama-Kiziho B-Tuganetubura",657.175217444141,78.5952645800813,"Fert.B"
"751","Bugarama-Kiziho B-Turikumwe",1200,118.249461812341,"Fert.A"
"752","Bugarama-Kiziho B-Turwanyinzara",623.417826476149,77.8010401168572,"Fert.B"
"753","Bugarama-Kiziho B-Twegerane",1200,97.9635535281251,"Fert.A"
"754","Bugarama-Kiziho B-Twifatanye",582.345402147268,95.7405825052483,"Fert.B"
"755","Bugarama-Kiziho B-Twigiremuhinzi",700,102.740987214239,"Fert.A"
"756","Bugarama-Kiziho B-Twisigarinyuma",1082.53044278362,116.682860702591,"Fert.B"
"757","Bugarama-Kiziho B-Twisungane",900,89.1560434975184,"Fert.A"
"758","Bugarama-Kiziho B-Twungubumwe",573.21732698343,123.984567981972,"Fert.B"
"759","Bugarama-Kizura A-Abadahemuka",1100,59.3405893332624,"Fert.A"
"760","Bugarama-Kizura A-Abadahigwa",1269.47124017614,98.6283751121475,"Fert.B"
"761","Bugarama-Kizura A-Abadatana A",300,85.7036800288513,"Fert.A"
"762","Bugarama-Kizura A-Abadatana C",874.097452077428,144.803765196389,"Fert.B"
"763","Bugarama-Kizura A-Abajyamugambi",700,122.22936222889,"Fert.A"
"764","Bugarama-Kizura A-Abaticumugambi",478.674428219552,107.374136421359,"Fert.B"
"765","Bugarama-Kizura A-Abesamihigo",100,96.5841745998165,"Fert.A"
"766","Bugarama-Kizura A-Abishyizehamwe",1095.307678922,122.86992774142,"Fert.B"
"767","Bugarama-Kizura A-Abunzubumwe",400,101.585429900156,"Fert.A"
"768","Bugarama-Kizura A-Dufashanye",490.005738103123,104.941897854922,"Fert.B"
"769","Bugarama-Kizura A-Dukoranumurava",700,113.399506364693,"Fert.A"
"770","Bugarama-Kizura A-Dukorerehamwe",670.975378076588,118.468658524096,"Fert.B"
"771","Bugarama-Kizura A-Dushyigikirane",500,86.5951968596754,"Fert.A"
"772","Bugarama-Kizura A-Ejoheza",734.714579604622,110.725881787898,"Fert.B"
"773","Bugarama-Kizura A-imbanzabigwi",300,112.125081250504,"Fert.A"
"774","Bugarama-Kizura A-inyemeramihigo",982.94480089553,106.85518970633,"Fert.B"
"775","Bugarama-Kizura A-Jyamberemuhinzi",600,119.095011368562,"Fert.A"
"776","Bugarama-Kizura A-Kangukamuhinzi",1215.01583546331,95.5027536440559,"Fert.B"
"777","Bugarama-Kizura A-Korandebe",500,143.269923770018,"Fert.A"
"778","Bugarama-Kizura A-kundumurimo",641.802675588039,78.5554750885199,"Fert.B"
"779","Bugarama-Kizura A-Kundumurimo B",500,65.5896326460182,"Fert.A"
"780","Bugarama-Kizura A-Ngirankugire",1122.46984759053,107.513284761321,"Fert.B"
"781","Bugarama-Kizura A-terimbere",200,118.991607007637,"Fert.A"
"782","Bugarama-Kizura A-terintambwe",138.384832692351,116.247035132929,"Fert.B"
"783","Bugarama-Kizura A-Tuzamurane",600,95.3207437918159,"Fert.A"
"784","Bugarama-Kizura A-Twibature Muhinzi",337.281164240518,85.5262845205723,"Fert.B"
"785","Bugarama-Kizura A-Twisungane",1000,59.0387842163777,"Fert.A"
"786","Bugarama-Kizura A-Twisungane B",376.945220832258,109.108149189999,"Fert.B"
"787","Bugarama-Kizura A-Twitekubuhinzi",1000,123.6286878364,"Fert.A"
"788","Bugarama-Kizura A-Twitezimbere",966.974604669423,89.0471923826038,"Fert.B"
"789","Bugarama-Kizura A-twizamure a",800,126.847595194246,"Fert.A"
"790","Bugarama-Kizura A-Twizamure B",703.031954833541,83.8267010928337,"Fert.B"
"791","Bugarama-Kizura A-Twizamuremuhinzi",400,115.852143510091,"Fert.A"
"792","Bugarama-Kizura A-vision",639.204090626682,103.31113863466,"Fert.B"
"793","Bugarama-Kizura B-Abahuzabikorwa",1100,108.601530379733,"Fert.A"
"794","Bugarama-Kizura B-Abahuzamugambi",649.912635044797,95.7794163721719,"Fert.B"
"795","Bugarama-Kizura B-Abahuzamugambi B",900,90.3178758606958,"Fert.A"
"796","Bugarama-Kizura B-Abakundumurimo",830.225031601349,104.828628205237,"Fert.B"
"797","Bugarama-Kizura B-Abanyamurava",700,93.5739861787575,"Fert.A"
"798","Bugarama-Kizura B-Abishyizehamwe",962.608648842143,102.574933495498,"Fert.B"
"799","Bugarama-Kizura B-Abunzubumwe",600,110.425289407738,"Fert.A"
"800","Bugarama-Kizura B-Abunzubumwe D",651.51272544217,140.258152492711,"Fert.B"
"801","Bugarama-Kizura B-Dufatanye",900,104.972947415567,"Fert.A"
"802","Bugarama-Kizura B-Duhige",1422.55442955859,98.0603144190034,"Fert.B"
"803","Bugarama-Kizura B-Duhuzimbaraga",300,90.148086920541,"Fert.A"
"804","Bugarama-Kizura B-Dutabarane",900.328918237756,89.2984087663035,"Fert.B"
"805","Bugarama-Kizura B-duterane Inkunga",600,120.17950549924,"Fert.A"
"806","Bugarama-Kizura B-Ejoheza",567.366559766797,89.1373444720435,"Fert.B"
"807","Bugarama-Kizura B-Fatisuka A",700,75.3149019310128,"Fert.A"
"808","Bugarama-Kizura B-Fatisuka B",223.361252156895,93.609859067344,"Fert.B"
"809","Bugarama-Kizura B-Inshuti",300,84.9941180771226,"Fert.A"
"810","Bugarama-Kizura B-Inyemezamihigo",911.3101200121,93.0547606370472,"Fert.B"
"811","Bugarama-Kizura B-jyambere muhinzi",1200,88.8938751431064,"Fert.A"
"812","Bugarama-Kizura B-Tugirubukire",954.394979589196,121.60163923427,"Fert.B"
"813","Bugarama-Kizura B-Turwanyinzara",400,96.413949885716,"Fert.A"
"814","Bugarama-Kizura B-TURWANYUBUKENE",989.174942919884,104.050873568225,"Fert.B"
"815","Bugarama-Kizura B-Tuzamurane",1200,78.4572567829521,"Fert.A"
"816","Bugarama-Kizura B-Tuzamurane A",610.5179592847,65.1723391553738,"Fert.B"
"817","Bugarama-Kizura B-twisungane",700,90.7552350739561,"Fert.A"
"818","Bugarama-Kizura B-Twitezimbere",806.332487204582,99.7674261914736,"Fert.B"
"819","Bugarama-Kizura B-Twongerumusaruro",400,111.694619115673,"Fert.A"
"820","Bugarama-Kizura B-ubumwe A",206.309181758317,87.1379618440778,"Fert.B"
"821","Bugarama-Kizura B-Ubumwe B",600,100.152858095829,"Fert.A"
"822","Bugarama-Mashesha-Abadahigwa",600.333391865512,92.7730813561462,"Fert.B"
"823","Bugarama-Mashesha-Abajyamugambi",800,72.6652502066475,"Fert.A"
"824","Bugarama-Mashesha-Abakorerabushake",917.370972020513,56.6029597124045,"Fert.B"
"825","Bugarama-Mashesha-AbateYintambwe",1100,72.9242250638422,"Fert.A"
"826","Bugarama-Mashesha-Abesamihigo",298.518708439029,140.66702052034,"Fert.B"
"827","Bugarama-Mashesha-Abishyizehamwe",500,99.6287204251752,"Fert.A"
"828","Bugarama-Mashesha-Abishyizehamwe 2",558.121256321014,107.220103994975,"Fert.B"
"829","Bugarama-Mashesha-Abishyizehamwe B",900,103.022491267055,"Fert.A"
"830","Bugarama-Mashesha-Abunzubumwe",487.817428137978,126.421949916022,"Fert.B"
"831","Bugarama-Mashesha-abunzubumwe B",500,109.250723495692,"Fert.A"
"832","Bugarama-Mashesha-Dufatanye C",490.216840983048,115.252007041064,"Fert.B"
"833","Bugarama-Mashesha-Dufatanyemubuhinzi",900,88.6876177377357,"Fert.A"
"834","Bugarama-Mashesha-Duhagurukire umurimo",623.347986549767,99.5873252940705,"Fert.B"
"835","Bugarama-Mashesha-Duharanirisuka",500,48.2747813888823,"Fert.A"
"836","Bugarama-Mashesha-Duhuzimbaraga",1182.88317155509,90.8037121187262,"Fert.B"
"837","Bugarama-Mashesha-Dukorerehamwe B",200,70.4788857593147,"Fert.A"
"838","Bugarama-Mashesha-Dushigikirane",788.6884565437,74.3151034627286,"Fert.B"
"839","Bugarama-Mashesha-Dutubure umusaruro",500,94.9044489047739,"Fert.A"
"840","Bugarama-Mashesha-Gukoranikare",872.61744369171,104.487830420937,"Fert.B"
"841","Bugarama-Mashesha-Gukoranikare 2",700,129.626874928466,"Fert.A"
"842","Bugarama-Mashesha-Gukoranikare B",642.550900030081,104.793485005004,"Fert.B"
"843","Bugarama-Mashesha-Imbaraga 1",500,74.1515456127808,"Fert.A"
"844","Bugarama-Mashesha-Imbaraga 2",767.834348150155,80.0104486318427,"Fert.B"
"845","Bugarama-Mashesha-Intambwebahinzi",800,108.592666825602,"Fert.A"
"846","Bugarama-Mashesha-Kundumurimo 1",609.404275195117,87.8153886729953,"Fert.B"
"847","Bugarama-Mashesha-Turatabawe",400,85.5269717484071,"Fert.A"
"848","Bugarama-Mashesha-Twisungane",1219.50016371561,117.040614597794,"Fert.B"
"849","Bugarama-Mashesha-twiteganyirize",700,116.302642130053,"Fert.A"
"850","Bugarama-Mashesha-Twitekwisuku",717.499909255738,80.1632940194354,"Fert.B"
"851","Bugarama-Mashesha-twitezimbere",1200,106.175565801416,"Fert.A"
"852","Bugarama-Mashesha-twitezimbere C",1044.9826984113,79.673699098658,"Fert.B"
"853","Bugarama-Mashesha-Twongerumusaruro",300,92.1441820960988,"Fert.A"
"854","Bugarama-Mashesha-Twungubumwe",876.328369667604,98.6692351444218,"Fert.B"
"855","Bugarama-Mashesha-Twungubumwe A",900,111.791067242342,"Fert.A"
"856","Bugarama-Mashyuza-abadacogora",1139.48811600954,123.916854894489,"Fert.B"
"857","Bugarama-Mashyuza-Abahizi",400,89.7906645845575,"Fert.A"
"858","Bugarama-Mashyuza-Abakesharugo",691.3667551439,125.327051467262,"Fert.B"
"859","Bugarama-Mashyuza-Abashyizehamwe",600,107.627609440279,"Fert.A"
"860","Bugarama-Mashyuza-Abaticumugambi",393.264571401901,119.232328590994,"Fert.B"
"861","Bugarama-Mashyuza-Abatiganda",500,108.54283163475,"Fert.A"
"862","Bugarama-Mashyuza-Abesamihigo",424.342349023617,129.356109935229,"Fert.B"
"863","Bugarama-Mashyuza-Abujumugambi",800,107.03556254248,"Fert.A"
"864","Bugarama-Mashyuza-Dufatanye A",480.868244311971,89.5940543656206,"Fert.B"
"865","Bugarama-Mashyuza-duhingeneza",400,85.4185138759096,"Fert.A"
"866","Bugarama-Mashyuza-Duhuzimbaraga",833.374389111477,107.598617015717,"Fert.B"
"867","Bugarama-Mashyuza-Ejoheza",700,119.400509308583,"Fert.A"
"868","Bugarama-Mashyuza-Girubuzima",545.142593022456,91.4592555576603,"Fert.B"
"869","Bugarama-Mashyuza-Girumwete",600,123.772053407026,"Fert.A"
"870","Bugarama-Mashyuza-Haguruka muhinzi",486.4885996388,103.387222938045,"Fert.B"
"871","Bugarama-Mashyuza-Indatwa",500,101.402628278707,"Fert.A"
"872","Bugarama-Mashyuza-Korandebe",743.170213666501,108.481407690641,"Fert.B"
"873","Bugarama-Mashyuza-Ntusigare",600,68.037736210128,"Fert.A"
"874","Bugarama-Mashyuza-Terimbere",534.391191503997,92.4947157153539,"Fert.B"
"875","Bugarama-Mashyuza-tubehoneza",700,90.5510614659131,"Fert.A"
"876","Bugarama-Mashyuza-Tujyimbere",1418.5385954702,68.1211204818955,"Fert.B"
"877","Bugarama-Mashyuza-Turwanyinzara",600,127.535396598712,"Fert.A"
"878","Bugarama-Mashyuza-tuzamurane A",537.908022905233,120.223884493851,"Fert.B"
"879","Bugarama-Mashyuza-Twisungane",500,74.7828622044864,"Fert.A"
"880","Bugarama-Mashyuza-Twitekubuhinzi",807.812448821585,91.7440236563329,"Fert.B"
"881","Bugarama-Mashyuza-Twizigamire",600,89.6441577490134,"Fert.A"
"882","Bugarama-Mashyuza-twongeringufu",824.232068904915,96.2727194512228,"Fert.B"
"883","Bugarama-Mashyuza-twongerumusaruro",600,72.0298114491677,"Fert.A"
"884","Bugarama-Mashyuza-TWUBAKANE",323.442919403887,85.6809232258631,"Fert.B"
"885","Bugarama-Mashyuza-Twungubumwe",500,79.7572980555209,"Fert.A"
"886","Bugarama-Mashyuza-ubumwe",530.340359496046,103.626795541257,"Fert.B"
"887","Bugarama-Mashyuza-wihogora",500,129.525989937799,"Fert.A"
"888","Bugarama-Mpinga A-abadahemuka",896.062304534161,72.45088098752,"Fert.B"
"889","Bugarama-Mpinga A-Abadahemuka  B",600,114.822103147391,"Fert.A"
"890","Bugarama-Mpinga A-Abadahigwa",598.546514950501,107.009098880683,"Fert.B"
"891","Bugarama-Mpinga A-Abakorerahamwe",700,62.8779476822955,"Fert.A"
"892","Bugarama-Mpinga A-Abesamihigo",563.710749330884,107.937007541558,"Fert.B"
"893","Bugarama-Mpinga A-Abesamihigo B",500,75.3037632274706,"Fert.A"
"894","Bugarama-Mpinga A-Abunzubumwe",878.125577813788,70.7133483520355,"Fert.B"
"895","Bugarama-Mpinga A-Bamaso",200,90.0698074881744,"Fert.A"
"896","Bugarama-Mpinga A-Dukore",509.335357789351,84.1739475755483,"Fert.B"
"897","Bugarama-Mpinga A-Dukorerehamwe",1100,93.8513182159994,"Fert.A"
"898","Bugarama-Mpinga A-Duteraninkunga",860.19997091641,116.064759757078,"Fert.B"
"899","Bugarama-Mpinga A-Ejoheza A",800,116.580440042969,"Fert.A"
"900","Bugarama-Mpinga A-Ejoheza B",912.905993452651,115.517698356801,"Fert.B"
"901","Bugarama-Mpinga A-Haguruka",600,114.581623336161,"Fert.A"
"902","Bugarama-Mpinga A-Huguka A",986.730036846708,123.976522223616,"Fert.B"
"903","Bugarama-Mpinga A-Huguka B",700,91.0800377241273,"Fert.A"
"904","Bugarama-Mpinga A-Huguka C",667.231693944436,108.938762400319,"Fert.B"
"905","Bugarama-Mpinga A-Imbereheza",1200,85.8172955840006,"Fert.A"
"906","Bugarama-Mpinga A-Imbereheza B",1013.24034076278,87.7678688567381,"Fert.B"
"907","Bugarama-Mpinga A-Intwari",700,59.6757602172652,"Fert.A"
"908","Bugarama-Mpinga A-Jyambere",676.627778229242,86.4296176211534,"Fert.B"
"909","Bugarama-Mpinga A-jyambere B",600,82.1696756427691,"Fert.A"
"910","Bugarama-Mpinga A-Tubehoneza",1063.50985705237,94.22201464793,"Fert.B"
"911","Bugarama-Mpinga A-Tubehoneza B",800,90.4320591600571,"Fert.A"
"912","Bugarama-Mpinga A-Turwanyinzara",783.507942668792,119.008631117467,"Fert.B"
"913","Bugarama-Mpinga A-Turwanyinzara B",500,83.3282044451149,"Fert.A"
"914","Bugarama-Mpinga A-tuzamurane A",648.651469354264,86.9941948997187,"Fert.B"
"915","Bugarama-Mpinga A-Twigire",800,123.542817100445,"Fert.A"
"916","Bugarama-Mpinga A-Twisungane",843.39404842268,85.239796806451,"Fert.B"
"917","Bugarama-Mpinga A-twitezimbere",600,75.9017593478103,"Fert.A"
"918","Bugarama-Mpinga A-Twivanemubukene B",1338.9241685345,93.0248797043224,"Fert.B"
"919","Bugarama-Mpinga A-Twiyubake",1200,96.4337978007077,"Fert.A"
"920","Bugarama-Mpinga A-Umucyo",750.309594347155,113.717169907745,"Fert.B"
"921","Bugarama-Mpinga A-Umucyo B",600,129.871328527214,"Fert.A"
"922","Bugarama-Mpinga B-Abadatana",450.827741325449,96.1114054248592,"Fert.B"
"923","Bugarama-Mpinga B-Abahujumugambi",300,138.399330906865,"Fert.A"
"924","Bugarama-Mpinga B-Abajyamugambi",908.227738055817,129.637468147448,"Fert.B"
"925","Bugarama-Mpinga B-abakorerabushake",500,91.7274604122481,"Fert.A"
"926","Bugarama-Mpinga B-Abakundumurimo",767.98163434515,117.664438327604,"Fert.B"
"927","Bugarama-Mpinga B-Abesamihigo",600,101.654303517388,"Fert.A"
"928","Bugarama-Mpinga B-Abishyizehamwe A",1004.09301005331,135.577224119835,"Fert.B"
"929","Bugarama-Mpinga B-Abishyizehamwe B",500,94.1827773281533,"Fert.A"
"930","Bugarama-Mpinga B-Dufatanye",1145.67196897051,111.956239462333,"Fert.B"
"931","Bugarama-Mpinga B-Duhuzimbaraga",1000,104.406437175543,"Fert.A"
"932","Bugarama-Mpinga B-Dukore",536.719721337664,85.6068773228464,"Fert.B"
"933","Bugarama-Mpinga B-Dukorekumurimo",1200,148.952050834958,"Fert.A"
"934","Bugarama-Mpinga B-Dukorerehamwe",619.90177425015,103.701352751278,"Fert.B"
"935","Bugarama-Mpinga B-Dushyigikirane",800,116.727190370134,"Fert.A"
"936","Bugarama-Mpinga B-Ejoheza",952.335750795616,85.0361529897564,"Fert.B"
"937","Bugarama-Mpinga B-Ejoheza B",200,107.745332981417,"Fert.A"
"938","Bugarama-Mpinga B-Fumbira muhinzi",762.569212489827,113.06641559793,"Fert.B"
"939","Bugarama-Mpinga B-Hagurukamuhinzi A",800,91.2734970788145,"Fert.A"
"940","Bugarama-Mpinga B-Icyerekezo",703.267793105863,91.0502487739695,"Fert.B"
"941","Bugarama-Mpinga B-Intwari mwiterambere",800,86.5746895081351,"Fert.A"
"942","Bugarama-Mpinga B-Jyamberemuhinzi",644.723041959648,56.8775856245324,"Fert.B"
"943","Bugarama-Mpinga B-Tubehoneza",700,73.6718209957492,"Fert.A"
"944","Bugarama-Mpinga B-Tugirubukire",787.57725648079,108.996103558929,"Fert.B"
"945","Bugarama-Mpinga B-turangamire ikerekezo",900,126.724151066894,"Fert.A"
"946","Bugarama-Mpinga B-tuzamurane",469.848493163027,101.338479141023,"Fert.B"
"947","Bugarama-Mpinga B-twihazemubiribwa",600,94.4526973143451,"Fert.A"
"948","Bugarama-Mpinga B-Twitezimbere A",709.695027751494,103.620041081906,"Fert.B"
"949","Bugarama-Mpinga B-Twitezimbere B",800,124.366710552513,"Fert.A"
"950","Bugarama-Mpinga C-Abadacogora",970.277308679879,84.7010930573924,"Fert.B"
"951","Bugarama-Mpinga C-Abadacogora B",600,89.1398460624982,"Fert.A"
"952","Bugarama-Mpinga C-Abadahemuka 2",945.022358754363,83.3910568852974,"Fert.B"
"953","Bugarama-Mpinga C-Abadahigwa",500,83.762940358353,"Fert.A"
"954","Bugarama-Mpinga C-Abadatana",478.265679340626,86.3060691366054,"Fert.B"
"955","Bugarama-Mpinga C-Abahujumugambi",600,72.3387599078779,"Fert.A"
"956","Bugarama-Mpinga C-Abajyamugambi",582.406463193738,92.5776246738507,"Fert.B"
"957","Bugarama-Mpinga C-Abajyamugambi B",600,62.5671028606511,"Fert.A"
"958","Bugarama-Mpinga C-Abibumbiyehamwe",888.305262754256,105.210569811014,"Fert.B"
"959","Bugarama-Mpinga C-Abibumbiyehamwe B",600,92.6509609921851,"Fert.A"
"960","Bugarama-Mpinga C-Duhuzimbaraga A",767.440054945134,89.1309190527994,"Fert.B"
"961","Bugarama-Mpinga C-Duhuzimbaraga B",500,137.200101317599,"Fert.A"
"962","Bugarama-Mpinga C-Dukanguke",732.245016060139,127.068231923459,"Fert.B"
"963","Bugarama-Mpinga C-Dukanguke B",1100,62.1187283113824,"Fert.A"
"964","Bugarama-Mpinga C-Dukundumurimo A",600.472913562392,69.611436175327,"Fert.B"
"965","Bugarama-Mpinga C-Duteraninkunga",1100,51.0002407454265,"Fert.A"
"966","Bugarama-Mpinga C-Duterimbere B",889.826081826986,116.870484861898,"Fert.B"
"967","Bugarama-Mpinga C-Fatisuka",300,47.7425039184936,"Fert.A"
"968","Bugarama-Mpinga C-Fatisuka B",1145.03927080574,105.274934014218,"Fert.B"
"969","Bugarama-Mpinga C-Haguruka",400,114.652115998691,"Fert.A"
"970","Bugarama-Mpinga C-Kundumurimo",1093.07261706046,97.5247487458848,"Fert.B"
"971","Bugarama-Mpinga C-Kundumurimo B",700,90.3032727528758,"Fert.A"
"972","Bugarama-Mpinga C-Turwanyubunebwe",952.479722771893,98.6993103931232,"Fert.B"
"973","Bugarama-Mpinga C-turwanyubunebwe 2",700,106.180700185663,"Fert.A"
"974","Bugarama-Mpinga C-Tuzamurane",838.941164096302,95.4002782601681,"Fert.B"
"975","Bugarama-Mpinga C-Tuzamurane B",700,79.631197209941,"Fert.A"
"976","Bugarama-Mpinga C-Twigire Muhinzi",800.643984621018,80.3036951446657,"Fert.B"
"977","Bugarama-Mpinga C-Twigire Muhinzi B",600,109.614234777688,"Fert.A"
"978","Bugarama-Mpinga C-Twisungane A",676.87480481166,98.9026828023541,"Fert.B"
"979","Bugarama-Mpinga C-Twisungane B",1200,103.672941427639,"Fert.A"
"980","Bugarama-Mpinga C-Twiyubake",1226.31270511105,110.848206785178,"Fert.B"
"981","Bugarama-Mpinga C-Twuzuzanye",700,80.5831528152867,"Fert.A"
"982","Bugarama-Mpinga C-Ubumwe",1067.98072288196,130.271899187171,"Fert.B"
"983","Bugarama-Mpinga C-Ubumwe B",1100,108.844571722377,"Fert.A"
"984","Bugarama-Mpinga C-umucyo",556.953650092956,60.5248905051002,"Fert.B"
"985","Bugarama-Mpinga C-Umurimo mwiza",1000,65.5189659131062,"Fert.A"
"986","Bugarama-Muhehwe-abadahemuka",634.016532610435,75.5652106405812,"Fert.B"
"987","Bugarama-Muhehwe-Abadahemuka B",400,95.7034259385607,"Fert.A"
"988","Bugarama-Muhehwe-Abadahigwa",670.748658520429,148.87848563497,"Fert.B"
"989","Bugarama-Muhehwe-Abadasigana",1000,105.914121876575,"Fert.A"
"990","Bugarama-Muhehwe-Abadatana",895.911774866931,148.176863909631,"Fert.B"
"991","Bugarama-Muhehwe-abadatana B",500,123.29823447667,"Fert.A"
"992","Bugarama-Muhehwe-Abahuje",804.578040991495,82.5688273297181,"Fert.B"
"993","Bugarama-Muhehwe-Abajyamugambi",500,95.5933787581438,"Fert.A"
"994","Bugarama-Muhehwe-Abajyamugambi B",1037.0352297264,77.7747709066561,"Fert.B"
"995","Bugarama-Muhehwe-Abanyamurava",400,80.3474272880422,"Fert.A"
"996","Bugarama-Muhehwe-Abasangirangendo",847.636232787593,71.0124380074214,"Fert.B"
"997","Bugarama-Muhehwe-Abatiganda",500,123.802722149292,"Fert.A"
"998","Bugarama-Muhehwe-Abunzubumwe",609.398281707076,80.7332345168787,"Fert.B"
"999","Bugarama-Muhehwe-Abunzubumwe B",500,111.05285440578,"Fert.A"
"1000","Bugarama-Muhehwe-Dufashanye",367.310205240472,116.938847663481,"Fert.B"
